"X2","X3","X4","X5","X6","X7","X8","X9","X10","X11","X12","X13","X14","X15","X16","X17","X18","X19","X20","X21","X22","X23","X24","X25","X26","X27","X28","X29","X30","X31","X32","X33","X34","X35","X36","X37","X38","X39","X40","X41","X42","X43","X44","X45","X46","X47","X48","X49"
-0.00725153913093365,-0.00533227582078243,0.00389939965023539,-0.00911779232107124,0.00434764652109403,-0.002203282671779,0.00174486256979658,-0.00262684456676199,-0.00160536490182271,0.000712757509780247,-0.00136967159921948,0.0108099508722712,0.000649005161259431,-0.00817017579515473,-0.0040509133511243,0.00365937877236249,0.00381873568819539,-0.00204876752932957,-0.00517998932859936,-0.00832363856121581,-0.00324973637053692,0.00366365946104562,0.00737505197131132,0.00444635006463883,0.000543918681652281,0.00309256241483616,0.00788677628751046,0.00909918615907539,-0.00178551090890614,0.00276931785802872,0.00210065147552996,0.00138788287287016,-0.00354575618380171,0.00176132109220757,0.00577661095154771,-0.000330617771712137,0.00100327201607125,-0.0089741977536818,-0.00308766233057522,0.00402602738757314,0.00806438877937342,0.000233361425880776,0.00146773308913211,-0.00332777909474076,-0.00672942509564644,-0.00106213751112512,0.000362903779070185,-0.0053296339138291
0.00537783085527298,0.00720358988269566,-0.00542102785442762,0.0113439335063413,0.00572082815691854,0.00273660535892776,0.00164922092133526,-0.00206862627436136,-0.0163176609578943,-0.0162572767469338,-0.00495965610257331,-0.013783018074602,-0.00122175791290584,0.00271533248839016,-0.0090545614044597,0.00568900503295877,0.0111369258842277,0.00841167018890273,0.00800402335826101,-0.0121702507991334,-0.00170559803832624,0.00148663256418894,0.00451504767454079,0.00335740094941947,0.0082460177699366,0.00425374656941874,-0.00297838566757234,-0.000111604719766602,-0.00297073681900914,0.00393089029494121,-0.0052639958441783,0.00108595585093164,-0.00501969264229719,0.00446307330104457,-0.000319598344650739,0.000851455900335266,0.00899368675388914,-0.00564168746412359,0.00918539062450872,-0.00698170854339467,0.00909747325893175,0.00242923066005035,0.000217296336775214,-0.0159635578092617,0.0016182758025305,-0.00434943788210015,-0.00581341807509914,0.0046527180313958
0.00485651714110697,-0.00631904259267662,0.0136372604779161,6.57235473073099e-05,0.0114764225219231,0.00755890246255414,-0.0246032658894548,0.00867926074147351,0.00197812324077914,-0.0196968056027037,0.00257178863333576,0.0129011252442919,-0.00984648862132081,-0.0049191554018488,-0.0010959065439499,-0.00211243199514765,0.00376026484515839,0.00432467931531514,0.00417809406214358,0.00617537864903258,-0.000273672619384109,-0.00480271754001681,-0.000528417885859302,-0.0089308029237871,0.00543210554057396,-0.00216708370603332,0.00264895354770807,0.00845991628361932,-0.00402950631381849,-0.010177468154955,-0.006707938660891,0.00338780506491907,-0.00101559653486692,-0.00790050688677511,-0.00342174813398622,-0.00170753489628243,0.0110341643606201,-0.000782128042702515,0.00476520630635462,0.00709838314378101,0.00231920665687898,-0.00461511316855043,-0.00910432099516035,-0.0147634299021293,0.00386575479763894,0.00151485266875619,0.00780169865867205,0.00902949510044086
-0.000745677932110139,2.56951795081437e-05,0.00108730221276473,0.00409204136392226,0.0133773469633889,-0.0130198302747578,-0.00411831495619617,0.00198868510020572,0.00676753245152867,-0.00834567326003617,-0.00624380318769736,-0.00362318789096638,-0.000805574057275313,-0.00523201930750914,-0.0146526003385528,-0.00619704788229199,0.00744694824125058,0.00138871568420094,0.0117199108121625,-0.0119941335279961,-0.00360924071478561,-0.0141801011533319,0.00254312704756193,0.0258139033648709,-0.00251931359590185,0.0060797191508333,0.00381501409186018,-0.000130959776892217,0.00625518452036519,-0.00172166658376219,0.000356862423100977,-0.00240482402054145,0.000299074847218528,0.00129580604343268,0.00331359060208936,0.000847491387585643,0.00598970575722504,-0.00138258617215157,0.00679484108018591,0.00316460128157874,0.000591851810577928,-0.00887373524274094,-0.00948460982981887,-0.00825591263226646,-0.00166346884454479,0.00346455801592275,0.00365485698261045,0.00702991476617457
-0.00268852571426943,-0.00990000040392919,-0.00823599234337703,-0.00770837179014649,0.0214812572618758,-0.0154767582894514,-0.000873965455952388,0.00556721050355038,0.00285209655363513,-0.00463449752511141,0.0186286599372834,-0.00779038480873711,2.49889553476587e-05,0.0021485482206972,0.0108753879004515,-0.0137442287523202,-0.0126051050890916,-0.00244816765853392,-0.0012999008569936,-0.0029691761484407,0.00949396820919968,-0.00511583341477825,0.000147757763957757,0.00625896248502251,0.00538797207066793,0.0119583792804458,0.0123865651604435,0.0116041587090693,0.000287716282938097,-0.00100736558766951,-0.00586547065618388,-0.0108778878770445,-0.0110372568087317,-0.00157851667896578,0.0116665574485204,-0.00526373771408501,0.020863688943472,-0.00450863825774787,-0.00970825081288129,0.000500283408051368,-0.00370268459799777,0.00114000694466496,-0.00624120204061458,-0.00622184672855101,0.0078616747608544,-0.00254576300661245,-0.00543125961538593,0.00834494783345508
-0.00470443471133417,0.00772681446609603,0.00290598624763454,0.00247438956780098,0.0145503425937992,-0.00794348927529984,-0.0051102877984808,0.00160186189655551,-0.00608226662713704,-0.00133606644519824,2.21954927052993e-05,-0.00274451567985076,-0.0129679465557355,-0.015335001949865,-0.00449044051718651,0.00966698521745646,0.00966661494084913,0.00359336980200126,0.00479821308780676,-0.00724074279433454,0.00439412250687075,-0.00861989898657732,0.00474040298998237,0.00341588267447338,-0.00218858198684252,-0.00486502641706149,0.00577817841913776,0.00639483351073062,0.000504294390731401,-0.00205331742645124,-0.0084504492462669,0.0013460659319049,0.00413791493622731,-0.00385161919066174,-0.00333156517438908,0.000936702883624504,0.00723034656642803,4.80564580346184e-05,0.00421136275749479,0.00815916790615001,0.00356807735223463,-0.00529535133505214,-0.00765201395125896,-0.00950397457696666,-0.00129289872273388,0.00296914143712057,-0.000406336383661408,0.0106249017184946
0.00149910117455048,-0.0046359767197643,-0.0104968479648699,-0.00128078811735457,0.00405957664740667,-0.00290451131479725,-0.00221188385333905,0.00640703608816442,0.00705047667956005,0.00357676244091366,-0.00160792639755947,-0.00638578896163208,-0.00517374883254959,-0.00374891474169039,-0.00328517073734561,0.00107858028411645,0.00279106302647943,-0.00341770201982925,0.00455174007453072,-0.00983021593714986,0.00991949868589912,-0.0105330130007002,0.00301771032014918,0.00669991308765555,-0.000437522498659026,-0.00597215202889278,0.0058062618185826,0.00532364812029794,0.00211600743135702,0.00274362237172324,-0.00672026527460495,-0.00506451680392484,-0.0038630547606506,-0.00816281873740208,0.0119869707089223,0.00263154687800841,0.0154840459708103,-0.00408295370115992,0.0102692453209893,0.00969724785835808,0.000497669876167399,-0.00706338123427875,-0.00248489003388319,-0.00957421803131825,-0.00382462592539902,0.00243959328654086,0.000773256369537434,0.00234231310803399
0.00105762645670448,0.00946106437402814,0.00763229396155003,0.000101574252846803,0.00881824694451606,-0.0216155295243144,-0.00629563124422908,0.00390017668702617,0.00801211075954749,0.0052724023956298,0.0107380102089328,0.00182065222938561,-0.00452276992467795,-0.00499132979357301,0.0019905753539188,0.00928425399064054,-0.000969486055269003,-0.0076354977144391,-0.00175348534217031,0.00704952776031969,-0.00144051723611986,-0.0124010754288654,-0.00898688634197907,-0.00264023028608607,-0.00094314151062239,-0.00584939141411366,0.00380620703497018,0.00110917328121356,-0.00273575457107914,-0.000878539669264419,0.00297246712140664,0.00580864925160751,-0.00320190994920603,-0.00286586924736598,0.00405002027056677,-0.00290102275128198,-0.00124566732761201,-0.00350129621971068,0.00642203065068386,0.00380287410986923,-0.00851625371641475,-0.0111516748084992,-0.00290218560649656,0.000803682647415831,0.00667095455744902,0.0028902266566765,0.00155206697774531,0.00491827774873898
0.000869762937202673,-0.00692929362728022,-2.82389663517485e-05,0.0163668286539721,0.0120497111481129,-0.00930319109664083,-0.00371196293904581,-0.00823333951124922,-0.00562589202313352,-0.00700597299351418,-0.00518419734006863,-0.00263021789385371,-0.012462166508034,-0.0136282593359895,0.00226245483487646,0.00481169509509474,0.0188368608577377,0.00293955838438402,5.65969562347571e-05,0.00429254244377032,-0.0120868916687663,0.00942094642383396,-0.00408014388961347,0.00174898043086542,-0.00269329168873625,0.00212217177720345,0.00765405496755443,0.0119497575918686,0.0118819878179947,-0.000967271818293564,-0.00772572464747085,-0.00549648759748535,-0.00667859780346813,-0.0104666653573605,0.00112422198498164,0.0115852967717273,0.0163857835752776,-0.00773996197504658,0.0117170182880507,-0.00136094925453928,0.00166860978162647,0.00116998259328778,0.000319242688798509,-0.0078329522117327,-0.00333326291471332,-0.00621959074261133,-0.0010173997650323,0.00120785756557447
-0.0168135389801135,-0.00410605406070999,-0.00839093369854405,-0.000828437102841538,0.0117992850101596,-0.00625934538505213,0.000155932899783304,0.00119770868075212,0.0163894072582689,-0.0077765911665109,-0.00979268831983202,-0.00340174476344828,-0.00846379411536755,-0.0043482195234468,-0.00857277434156845,-0.00537848149320701,-0.000324338346590708,7.90928214798592e-05,0.00762596903787254,-0.0075157924521686,0.00710218814998936,-0.000768434040067507,-3.15741357292433e-05,0.0166167607703568,0.0175668394196286,0.00619844622232484,0.0102785342647945,0.00778371311246218,-0.00636364527453281,0.00176102277578671,-0.0127264703629925,-0.00430391350448681,-0.000530391927641437,-0.00503226711411365,0.00758048696970242,0.0055804093119997,0.0145760496707158,-0.00753415597095625,0.00305740134357984,0.00352477588840952,-0.00654657433094535,-0.0025704258500735,-0.00233410865552597,-0.00309975779949286,-0.000967447897198312,0.00316137428363036,-9.48383963663181e-05,0.00284134111782706
-0.00444372060072531,-0.00378728756294311,-0.00187601180050834,0.0060429821353512,0.00205147495968043,-0.0027544793051066,-0.00946772243544693,-0.00648221772729183,0.00768805738265112,-0.00515960525333216,-0.00295005319156548,0.00931442583492765,0.00485928942566542,0.0043443150504564,0.00786943052279045,-0.00820955128822126,-0.00955047766548945,-0.00949893294967657,-0.00157258048050429,-0.000214335630722637,0.00266005960768368,-0.000395292652035664,0.00771314772415801,-0.00574217463441409,0.00653527335686605,0.00864534328224866,0.00112084798141698,0.00169876349269034,-0.00312604584562673,-0.00739059275722749,-0.00856305360685429,-0.0139035380352353,0.00997712426734631,-0.00197643440291773,0.00932769867930534,0.0174422383130084,0.00910139291493383,-0.00226620110454094,0.00586075625355463,0.00103650467843824,0.00950475068429244,-0.00709889767977912,0.00045075463585072,-0.00897514951569803,-0.00765608268850878,-0.00111196316727145,-0.00195123554839882,0.00287900634672589
0.00439508693220679,0.00559415125388205,0.0118092259578528,-0.00180826523625143,0.00337044412761391,-0.00415878266723253,-0.0122251275961915,-0.00678334511474154,0.00242352418962913,-0.00450098295167133,0.0075649689544553,-0.0106187100016492,-0.00202140411588707,0.00305986665496229,0.00742938209109751,0.00746629278309835,0.00932020195185966,0.00570224114621371,0.0120260925521708,-0.00776047979727503,-0.0122826784272119,-0.0141632833867823,0.00891227125301942,-0.00362342550079664,-0.00864160862010796,-0.00565568441973655,0.00735707551844755,0.00667392647335868,-0.0050587261922637,0.00257869592093678,-0.00457803635013433,-0.00792092403102565,-0.002208975962702,-0.00458087451807317,0.00890247256107421,0.00679633594485685,0.00906423335767648,-0.0044243712899284,0.0190842890616583,-0.00622884958684668,-0.00752709797045196,0.0082482496877211,0.00122612276537631,-0.00525926257497883,-0.0069476528168115,-0.00025967469038593,0.000954523291889702,-0.0107214506119216
-0.000537636382662091,-0.00679781652739002,-0.00287159159624922,-0.0148132658202283,0.0066432745366498,0.00171258766569601,-0.00726347684461934,-0.000839949698657118,0.0120248130974679,0.00475844562407237,-0.00172380946642104,-0.00144705640958278,-0.00484195933358638,-0.00137095893588823,-0.00595027563104547,0.0137790982421636,0.00775495479030481,-0.00158640585087235,0.00780213962558753,0.00072957111373103,0.00395894273433375,-0.00212682843139916,0.00186186154506648,-0.0106114221528684,-0.00788470695584758,-0.0042163167670248,0.0081467890664151,0.0068709159299369,-0.00153734899274068,-0.0155785772858901,-0.0100626083107735,0.00293841987427741,0.0124444404127377,-0.00580194641961757,0.00247175663091122,0.00146275543531925,0.010673549099592,0.0015031263553925,-0.00680750128765808,0.00730525891349746,0.0107672380256948,-0.000721450882562178,0.00180928789881211,0.00420907563299883,0.00100187282075243,-0.0101426613536975,-0.0020952945806793,-0.00499930915344989
-0.00230023611431086,0.0071698968164528,0.0230938652637154,-0.00220994408198044,-0.00857826897619504,-0.0185333023303065,-0.00306824454689974,0.00717217358261352,0.00972193865942582,0.0112852387671663,-0.0315472525729389,0.00838477608106738,0.00317569998185555,0.00380398352532645,-0.00205964104908972,0.00815022901940254,0.00386654618982928,-0.00745438852850283,-0.00601654876955294,-0.0205623071677948,-0.00343263791102045,0.00505935554469859,0.00789910402597083,-0.0057314023654045,-0.0045230575612075,0.00240385909658418,0.00479723574766998,0.0149347915706036,-0.00278140239382918,-0.00270928302564043,0.0106837566526629,0.00362606080203403,0.000401563493960963,-0.00299355146534153,-0.00325399230941759,-0.00409360298243802,0.0101218212948182,-0.00220641766689536,0.0132370712417169,0.00444636276107128,0.00547777647549996,0.00315224584918357,-0.0062889886249322,-0.0151574492980693,-0.00901961660193384,-0.00245678059206855,-0.00504557760561862,-4.14579019412907e-05
0.0119039504846403,0.00663537958431709,-0.0102771167959941,0.00203993539757539,0.00697343736492032,0.00136134622908512,-0.00441206014662037,-0.00102562553145118,0.0062138896123327,-0.0066216305351869,0.000529038678512395,0.00352801345164257,0.000141694159757039,-0.00809630374968746,0.00448089308718021,0.00191639433225763,-0.00507092089727926,-0.00166682401883392,-0.00117483849369285,0.00854395252524062,-0.0027113711090105,-0.00190809065718673,-0.00592683255119471,-0.000499764103911539,-0.00214644644737296,-0.00405176988118406,0.00255421080146561,-0.00315678333982218,-0.00191145677619693,-0.000722694502468125,-0.00576260286503708,0.0111865646669155,0.0030830747731235,0.000906274575724094,0.00793695046837165,-0.00446716651439463,-0.00275213848467747,0.000504950001980246,0.000571323361968329,-0.00926585799773956,-0.000656477925842499,-0.0110992132176727,0.00328293513011759,0.00219932227969919,0.00295353375061564,0.00360503569297744,0.0061177497970548,-0.00378586366501663
0.0161446889310449,-0.000880818083702217,0.0031537459562554,0.00350835904271063,-0.00473998258225835,0.00114902967844446,-0.00599285903790453,-0.00653769538327224,-0.0184246522618544,0.0101198968856333,0.0152557857048893,-0.0107791231560621,-0.0078548897982615,0.00302535454485065,-0.00754997726833069,0.0163134757259275,0.00920588314324791,0.00718908728111613,-0.00326038575596144,-0.0271163675285925,-0.00467412774991884,-0.0122347450530194,-0.00187794353823625,0.00808649486214563,0.00427311143034748,0.00882402717262838,-0.00960583232842682,0.0029300794124987,-0.00250378865997233,0.00188275544459379,0.00444480693407216,0.00194072578816381,-0.00385289340520791,0.000382005754040481,0.00535504364033087,0.0070795412076521,0.0128185486986786,6.35445400750667e-05,0.0193326507518451,-0.00227919875156332,-0.000883821786359562,-0.00551479381825685,-0.00834051564279296,-0.0097506469668788,0.000226881592732323,-0.0124616761764897,0.00236456198802232,0.0020466486213753
0.00957518646881397,0.00433886881611363,0.00165834193133535,0.0195213143012513,-0.0111525546215065,-0.0151146470419838,-0.00461887599896754,-0.00447386863304378,-0.000102465987335257,0.0247944179895286,0.00343858122077398,0.00284668615425572,-0.00345619975860117,0.00454937783850699,-0.00491465222740686,-0.00263070468985402,0.0025689570687457,-0.0161426880848206,-0.00388623018513448,-0.0131931712814849,0.000906736111025912,0.0060755388101042,0.0101779169045685,-0.00344073416327021,-0.0111237895027663,-0.00967367283759832,0.0238759723297464,-0.000754425623143144,0.00145363456955838,-0.00466781497488196,0.00963909962122807,0.00757422910858361,0.00120974140505684,0.00821048234798944,0.00756926127957341,-0.00599924386251969,0.000796173679101981,-0.00803419660775433,-0.0147261332936151,-0.0182860851404599,-0.00637554541561611,0.00620810231654947,0.000827657922127037,0.00314791868260762,-0.00450643305894651,0.00931246830451995,-0.00148750008196,-0.00151503210899644
-0.0197896883971763,-0.0124947455473965,0.000584737724893813,-0.00178841931122824,0.00236420842478144,-0.0162535749284417,-0.0166168582808483,-0.0175494862868187,0.0134589136346952,0.0335564219812441,0.0262584664682417,-0.00680697652552365,0.00701905096324258,0.00442816326638636,0.0185741466555399,0.0411148313924568,-0.0361093870446424,-0.0250170624696314,-0.00876429961491293,-0.00559754728669374,-0.00568906097118332,0.0140954950159732,0.00497156093368549,-0.0133996204959458,-0.00130693644154573,0.0211242419472609,0.0173348940908529,0.000242643858469963,0.00551986415631753,4.73161424302537e-05,-0.0248080014667664,-0.00709653396675303,0.00995311303048885,0.0164012281086396,0.0189319466786777,0.0163145060297644,0.00599058262440004,-0.0375640867671413,-0.0047661325012601,-0.00501777470142455,0.00234307147032269,0.0133248624561902,-0.0126142770747792,-0.0151903403673306,0.0103128584453206,0.00599674815033899,-0.0107325410373573,-0.00529052216581318
-0.0149835272801418,-0.00751615963982017,-0.0109084685193203,0.00636431431547222,-0.00393114115149941,0.0168227999614494,-0.00688755963559949,0.0114060391197342,-0.000192885586567281,0.0175328412955753,0.00882789635032735,2.03862633060192e-05,-0.00949994798141165,-0.0201694141852096,-0.0134295479941414,-0.00519441026190622,-0.0115922021081459,-0.00965073790189182,0.020689508700709,-0.0274521592823356,0.00195440232529048,0.00233595394302679,0.0210563678448582,0.0150556076153579,-0.00104049711220508,0.00327966820070127,-0.00093040826112023,0.0157890439677845,-0.0031629674248167,-0.00403804441420436,0.00223401303657152,0.000607077157145003,0.0167825843905661,0.016368129172453,0.0138525271794024,0.00769707216692116,-0.02067994416999,-0.0106996842377938,-0.018193158186942,-0.028160784847497,-0.00950746068459553,-0.00595125567178723,-0.00731240620728064,-0.00148202831267147,-0.0220903379502087,0.035175413921378,-0.0103480116858578,0.0511535037669311
-0.00454776451506617,-0.00500548791433147,0.0124000795745813,0.00340483134489578,0.00601406394953841,0.00707474935720771,-0.00669605020663461,-0.00930989989825821,-0.00323350235136767,-0.00764516484862653,-0.00573033675491107,-0.00492156172609452,0.00361033228239212,0.00642803758761927,-0.0068990370241287,0.0199222397768464,0.00213585740649168,-0.0146950051341758,0.00282051602995871,0.00932346419823245,-0.00351156026582336,0.00452505489300094,-0.00214563960675738,0.0149017207729532,-0.00210655192394387,-0.000431303841271498,0.00390819119614001,0.00287060271716218,-0.00447030992967355,-0.0126667587391865,0.00845702953952079,0.000627779051527048,-0.0240252026763287,0.0268873608447998,0.00634930373350513,-0.00190608578714006,0.0011418023994102,-0.00968363492019022,-0.00437222723466011,-0.00691953021887035,-0.00426651679936821,0.000271794337518422,-0.0021589417907788,0.00953607029173008,0.0074850724481002,-0.0110585908260198,-0.00227452244412293,0.000585233644599108
-0.00972939271831981,-0.00611330936254988,0.00315405930660523,0.0088249827777372,0.0178062130720653,-0.00609980932560233,-0.0206760128932518,-0.0011749113455304,0.0072050517385959,-0.00285492268548446,0.00413028311077599,0.00898484485132809,-0.0281173180849599,-0.0105868577128775,-0.00974784211253323,0.018312174709697,-0.0130386325205646,0.00193585368698455,0.00341331668901936,0.000727245771984047,0.00188222335340502,-0.00928040929406542,0.00132080509137131,0.0165638556361553,-0.00110534857384797,0.014784971062218,0.0221097365778069,0.0123547520921959,0.0102154543248174,-0.00369116830079684,-0.0031947765586177,-0.00845649462083995,-0.00371004700915727,-0.00847156066054319,-0.00341706469905841,-0.000466709897708424,0.00500996285135799,0.005782388664327,0.00710123660041329,-0.0202822887644277,-0.0213871360697887,0.0038924897146485,0.00988116375582677,-0.00467572241704289,-0.000602395967236189,0.00649964876005587,0.000883606175156461,0.00410381122025646
0.00100594761788116,-0.0132920924497494,0.0102172542340157,0.0167974447122889,0.00776288358593442,-0.00388080010158032,-0.015394349466833,-0.0245592658653799,0.00897053830729689,-0.00523257979128395,0.00715222321358842,0.0174465358456541,-0.0140921885275669,-0.0138376507776354,-0.0034241256625046,0.0240773601815133,-0.0119360123591267,0.000819755864505688,0.00332051383949268,-0.00695828098768014,-0.00830539726925175,-0.00891045281144456,0.0130500800072065,0.0077423372100695,-0.00413092893316525,0.0122321201931283,0.0134210372098754,0.0126686405706972,0.00977903374074775,-0.00394605327110495,-0.00523662104674289,0.00461565358169997,-0.00403564571238463,0.00696621607328614,0.0032583531739421,-0.000780872775159452,0.00192306516201127,-0.0177636306260677,0.004905093620432,-0.0123949848156829,-0.0159801579772817,0.000654309218359706,0.0126799742163545,0.00624299863238096,-0.00233019629123097,-0.00742025957197316,-0.00413804017807748,0.00027121725654505
0.000811621708444732,-0.0012913337476121,0.0312879307368302,0.00145691546637682,0.00534616520582432,0.00593457290121011,-0.0170437223429453,-0.00561744876786783,-0.0120442731342572,-0.00571955648067647,-0.00777861896785025,-0.00717261073117165,-0.0241157514775402,0.0131630681145339,0.00254099488340173,0.0124784713532453,0.01182735159569,0.0159326680760461,-0.00160723090719805,-0.00011648984938752,0.000199881107654495,-0.0180812583581074,-0.00712621708782073,0.010581607904621,0.00672967631667338,-0.0117398371886415,0.00238868095995584,-0.000446751440884074,-0.000794414616596434,-0.0201205159554818,-0.00248544146587442,-0.0111034186085044,-0.00280962675487055,0.024381361693989,0.0181693078339038,0.00602480564867313,0.0130546649086945,-0.00612237390878367,0.0157216704972528,0.0106918310842179,-0.015590373573998,-0.00825003977575327,-0.0148385520220462,0.00441138643575289,0.00180052769183018,0.0151862413237678,-0.00506338616761948,-0.0230421601170998
-0.0065407710801054,0.00264869127914365,0.00826731492086195,-0.00716036691231643,-0.00259300999587794,-0.00905348806047011,0.0101973593257478,-0.00857856874800002,0.0185877304494176,0.00167875794679264,-0.0160971656690792,-0.000392269526655407,0.00804735718697754,-0.000906339150862856,0.00728932159084404,0.0036317981102674,-0.0100214799224254,0.00738318110694136,-0.00878468765342154,-0.00863646326964373,0.0032493760821733,-0.00316887051006757,0.00767926586657104,0.00511782111708282,-0.00427611838776599,-0.00310091839904059,0.00690958333717406,0.000998619401487093,-0.00169456804215291,-0.00270363180518769,-0.00159485609483778,0.00393164793595487,-0.00685181440942188,0.00889777318227659,0.00341120268801518,0.000424711934233948,0.00127207781992251,-0.00140710300917971,0.00639263055573788,0.0119439775420222,-0.00191419037044564,0.00195758917093767,-0.00604757044451536,9.78003117719367e-06,-0.0146038709436652,0.000143649436074807,-0.00339664911049903,-0.000546446502197282
0.00283232370305413,0.0091786731791158,0.0122681557565135,-0.00350439282164233,-0.00662881435720366,-0.0120083540610325,0.0331919852607431,-0.00983376233354383,-0.0117934445722944,-0.0155383697689772,-0.00330702245719071,0.0175202616779635,-0.00246199689127144,0.0126981515872835,0.00208993266865909,-0.00773070550829408,0.00255350948217946,-0.019358794358801,1.65214122922405e-07,-0.0266270323686083,0.00461322120257721,0.0235353912942573,0.00609616589761405,0.00813269772448046,0.000114702689151057,-0.00984617340008209,-0.00614944870280094,0.01256427903776,-0.00790796729445046,0.00955362343194401,0.00575111350355165,0.00248518261884111,0.0124767465496363,0.0109274844208451,-0.00367302903272351,0.000320676001949433,-0.012559218306304,-0.0111828142712766,-0.021651197609694,0.00560605171057051,-0.0105981135205488,0.00310517436932734,0.00772163609684014,-0.00533933712983323,0.00401317912163209,0.00256615199573211,-0.000395336787233764,-0.00382131064253801
-0.0107914213399038,0.0096093139147809,0.000834906488539948,-0.00664268579422921,0.00125319073596504,-0.00436120953194629,0.0012631670134294,-0.00799892186459952,0.00295968740864957,0.0026264201700038,-0.00846184925696638,0.00117009909344953,0.0213934169066265,-0.0120717374100962,-0.0119786297336137,0.00940554007798261,0.0134708564437838,-0.00600917436615625,8.03240774492403e-06,-0.00101766793771708,-0.0088053585178111,0.00177022615813716,0.00131823234991434,-0.00860148589150308,-0.00305586864117493,-0.00727243215575068,0.00325475127333121,0.00120553681624359,0.0082074668926411,-0.016845822556657,0.0220687461412472,-0.014986219333262,0.0114132802291998,0.00947487569784901,0.0367733137035405,0.00749072145524008,0.00894472611268746,-0.0214981876503423,-0.00803532084144529,0.0200668735841874,-0.0129525635466299,-0.00016317748504311,-0.00668567835398753,0.0118466643795497,-0.00794655428337697,-0.00512801035170202,-0.00654561524159408,-0.00997445336921539
0.00833614994757572,0.000426326870823439,0.0068960559597003,-0.00793722537643768,-0.00366070423748313,0.00289684203103598,-0.00595450198134599,-0.00842462220909246,-0.00539620742044583,0.00368792122075837,-0.00157975331295306,0.00638974849119309,-7.45596502567426e-05,0.00466392872535951,-0.00257537830953682,-0.00733132267289928,0.0052856540827643,0.0133604749409349,0.00813590245933148,-0.00865168568187727,-0.0144777432524311,-0.00776471425705295,0.00695834333005899,-0.0161465051235986,0.0028167234348655,0.00679705220673504,0.0122095967280221,0.00600338916489156,0.00260045521376276,-0.00782867555661112,-0.0141134608317475,-8.64967442129327e-05,0.00525490635875751,0.00592804605998898,-0.00113705253977736,0.0108030251031273,0.0115743721299679,0.00573214959321251,0.00634947092780849,0.00390485714193205,-0.000816945619865093,-0.00241628893452784,-0.00554514451483573,0.00336139381315642,-0.0286255832255018,0.00507949841923809,-0.00309806125633217,-0.00180965164617916
-0.00177183935209288,-0.01052918946703,-0.0138267937519354,0.0136880249190664,-0.00147649580398776,0.00632074779500774,0.00747300533798385,-0.00479656892611771,-0.00787435320174464,0.00334552167398957,-0.025833345095145,-0.00717908022762286,0.00677679706488294,0.0125212997766011,-0.0113492398168114,0.00925908650191532,-0.0136422995852737,0.00707700194538902,0.0167754436684797,0.00930559834561284,0.00239609955179098,0.00325453761310014,0.00582154864620432,-0.00415579681894416,0.000378330965621163,0.00148959679961574,0.0191372263226691,0.000452507669891163,0.00991319513647985,-0.00679883632313916,-0.00729461070390956,-0.0136423995438355,0.0153141947949893,-0.0048358254177133,-0.00389266688034825,-0.0143018605302482,0.00277732683462942,-0.0031644135874714,-0.0120269798977237,0.0195182705565787,0.00894191549285702,-0.00086394596147947,0.00306706470321555,-0.00301951911608661,-0.0058168564672134,-0.00183444348368945,0.00181325129796662,-0.00689023345497379
0.00547671310551243,0.0457318533925302,-0.0184020698530746,0.0014692876282003,-0.00360411111247187,0.0154142527113432,-0.0031698936555367,-0.0211703178226972,-0.0229171108810274,-0.00757147740433538,0.0262794384181453,-0.0128137809603948,0.0032997300249747,0.0169867562641864,-0.000239981356381411,0.00115655619603287,0.00910391209112615,0.0102317624651085,-0.00817851047653103,-0.00151721230645085,-0.0119625483993043,0.00061310873272092,-0.00659631164572212,-0.00344353724437735,-0.0227826660817033,0.000252910050925037,-0.00663109798012526,0.016212083329707,0.01247799606498,-0.0158229173872838,0.00489666388137797,-0.00630798544156804,0.0127146082173266,-0.00266730671037055,0.00645525891588229,-0.00114533068896874,0.00412606505629874,-0.00528214724897491,0.00900983446928627,0.0140253366584096,-0.00492175727277904,-0.00096299078261702,-3.86963222021794e-05,-0.014702550556494,-0.00948863380944422,-0.00398121692113389,-0.00289361343895147,0.00328164608684684
0.0144669761975082,0.0025494613276603,-0.015903184830478,0.00545015466078316,0.00809259610564237,-0.00826824105869832,-0.0129103806997822,-0.00707793305873014,0.0184281331229882,0.0146767765173775,-0.0481899559835559,0.0102666886337187,0.000779982711060424,0.00968613022404771,0.00326824942798658,-0.010818353770823,-0.0057163119479112,0.0103923044031474,0.0161146970204165,-0.0188497143774479,-0.0067488726468781,-0.0101462304253912,-0.0105920767651293,0.00959066405761876,0.0191259118742121,-0.0021115236672882,0.0193970075050736,-0.0144516931504988,0.00735895653287799,-0.00593406252975193,0.00997635043172796,0.00138461206596827,-0.00764104504069252,-0.00776254610671858,0.0102311107311,0.00208264407796912,0.00443998505386053,0.00145466865555991,0.0124078470059645,0.00838626040179486,0.0162569728284516,0.0114611553598165,-0.0037154006406868,0.000708762426696354,-0.0120636449461306,-0.013609352748996,-0.0150483974969222,-0.0108761374685184
-0.00488387195145525,-0.0114626308777928,-0.000183213103740733,0.00622970232443731,0.00464730067087561,0.00480263323230357,0.00209027100288156,-0.00809787556800144,-0.00244820426271019,0.00213371695395444,0.00336162872168779,-0.00141493270448026,-0.00518112730029096,-0.00380165608559795,0.00142111004761777,0.00215974112304602,0.00173096165360308,0.00527353663677238,-0.00779927374784281,-0.00531747834509795,-0.0118436525961567,0.0245142366319976,0.0125278947902915,0.00801003226749901,-0.0101705873123413,-0.00638124869718092,-0.0155595668440078,-0.0339054587740747,0.0112313856733404,-0.0124760431603464,0.0175923317892972,0.00753361023338855,-0.00779856625103,0.0010591142899152,0.00813957918678523,0.0154913299229561,-0.000293112754644893,0.00137913114352539,0.00580405494255871,0.00880609645596459,-0.00722557622548328,0.00247580403229105,-0.00225139143426634,0.00596758772838469,-0.00513737275156171,-0.00637237407735076,-0.000726906515760219,0.00634932988583984
0.0176966368793829,0.00446060058235243,0.00884384974253315,-4.87495075143021e-05,0.0112981276358684,0.0136645010501903,-0.00817267473724227,0.00856894090712777,-0.0184005011908263,-0.0344341257533772,-0.00894600205105113,0.0197077193819334,0.00308644988233304,-0.0159929434126803,-0.0023505904803096,0.00132975076658338,-0.0110693521892458,0.000271926182930191,0.00467224623078438,-0.0399157478060008,0.0381720643209839,-0.00324033541413972,0.00618326384057188,-0.00916634704652914,0.00727402502834121,0.0111403632461628,0.0195798463924245,0.0143497953533286,-0.00106161196474554,-0.00150361502820812,0.0183928263659813,0.00643749910414543,0.00299829195262795,0.000630030385859147,-0.000160921131725028,0.00129724871827025,-0.00236026217760135,-0.0202760078688977,-0.0228256946478007,0.0103983846729102,-0.0216558533710213,-0.00889726753349654,0.00498779378747341,0.011384263485655,0.0181153831594937,-0.00470047421466487,-0.0214990357472414,-0.00826371578192936
0.0026829493831568,0.0120135891352943,0.00256748753579739,0.00760956996072466,0.00818205540599082,0.00317220154508022,-0.0147818371907652,-0.00805116921945264,0.0122856313997591,-0.00678214413690755,-0.00831800357025726,0.00375098492385725,-0.000348807125313495,-0.0108204476404825,0.000364461683486854,0.0122283113885975,-0.00311745342637351,0.00202352880794968,0.0173957410218197,0.00455212891312678,0.0195536265434368,0.00273983651289431,-0.0210602293285438,-0.0178626874570923,-0.029553869200861,-0.000556907021022707,0.0335121401480033,0.00268126687271295,-0.0156347871002053,-0.0139022914774239,0.012881153972029,-0.0181765096409146,-0.00992713760075899,0.00373460369465577,0.011002044697722,-0.000596050475554818,0.000500670106130086,0.00248130712191542,0.018028468671932,-0.00449475450443337,-0.0135700267429416,-0.0115489540915294,0.00641360168083667,-0.00643813080086841,-0.00105806698243611,-0.000760588949105745,0.00814551512052562,0.00685797743580737
0.0139024008151568,0.0100277888337844,-0.000560637406325198,0.00309557908072408,-0.00797752522821354,-0.00357309786405403,0.000439837765801039,0.00373803255798589,-0.00206091299463332,-0.00066845804965545,0.00679219663943264,0.0103995225280031,-0.00402915752376254,-0.00479826672420363,-0.00950055561948054,-0.000889794380134748,0.00245730464732817,0.0215582773590974,0.00343429966982139,-0.00508091124633984,-0.0088475129500378,-0.00019993974973468,0.00327782804075511,-0.00402399852735807,-0.00689471229332193,-0.00719160486393085,0.00412841222061996,-0.0703351516412763,0.00615508564504533,0.0119782473764297,0.0116574624481707,0.00503673247299676,0.00386028123440185,0.0088677974054794,-0.0113303794731837,-0.0097694202035338,0.0170726806205862,0.00620519140586712,0.00398289856300701,0.00566182939753991,-0.00465004812220656,0.00875725210766103,0.00408228631886653,-0.00591090363496804,-0.0231547959975561,0.00990590943905521,0.00930794978595271,-0.0043352998856594
-0.00342693222794933,-0.00945896968056026,0.00251104387406423,-0.0123733161632863,0.0237166680014279,0.00456821199647414,-0.00866625556849675,0.00601016138483385,0.00249467092048871,-0.0129126207352934,-0.0210092495564695,-0.00422284583870558,0.00868292959348417,-0.0164566040314044,-0.0142601606326658,0.00811880846888228,0.00854910831433046,0.0093454655323121,-0.00538232949010828,-0.00635805023621737,0.00551568601929861,-0.00365378178931913,0.0115060773053008,0.00529569316746584,-0.00274424258270286,0.00544364429814313,0.0130376061195663,0.0216305221449238,-0.00186624108990493,-0.000600053488249326,0.0111989247539984,-0.00513175215446373,-0.00642975826206168,-0.00699136492411731,0.00545626779565265,-4.51542788607318e-05,-0.00899200188642979,0.00111710924597166,0.00128131330509612,0.00166437908909296,0.0121883763202455,-0.0193952628479796,0.00195386993879704,-0.00155734542963715,-0.00698553288058062,0.00054927585925213,0.00517592901644682,0.00190808330991508
-0.0137471575266245,-0.0040092644761535,-0.0258692861902834,-0.00706898536497816,0.016894150596334,0.00767973541997294,0.0107690360552886,-0.00356895894991008,-0.014617967400672,-0.00945193984572513,-0.00243588131969157,-0.00501379658868593,0.00624300514608808,0.00472859246973599,-0.0244033059449291,-0.000364614114021014,0.00116900127511067,0.000435101116854027,-0.0152521077508214,-0.00748457895209968,0.0321709322547741,0.0162556935112644,-0.00793781658301483,0.00269818912770064,0.0298295795194358,0.0141026598160599,0.000238321708503561,0.00877179867346368,-0.00195975700083837,-0.0115082921777139,0.0064390352413828,0.00282358007387321,-0.00123935902307851,0.00755745934476258,-0.00203133832121863,-0.00461780565675009,0.0100922613648917,-0.0116779045283215,-0.00120047042754986,-0.0102149652258749,-0.00519258151367112,0.00808730582513864,-0.0149241403187534,0.0113449659351451,-0.00556999735910105,0.0120446630244406,0.0188256324429791,-0.0178384273827186
0.00272472047732383,0.00736240464243346,0.00602039726938027,0.0172964145494204,-0.0101571529623302,-0.00951205049290802,-0.00903449849994474,0.0123716735537324,0.0119254277117633,-0.00067868965924936,-0.000905779258850602,-0.0191678512844008,0.000991663017024788,0.00895424108474222,0.00903838907249358,0.00161892759804344,-0.0030802706819192,0.00833158226288212,0.00297746076214304,-0.0038080012519125,0.0035634198609049,-0.00214033061931082,-0.00609069388405097,-0.0164724109505137,-0.00439738724267018,-0.00964594859951683,-0.00920062213158278,0.0232709300521171,-0.00980494434085171,0.00204057193432117,0.0165846987203805,-0.00551998057246779,-0.00388881204656407,-0.00554346557851569,-0.00478143538289851,-0.00616768682876884,0.0173310693281599,-0.0208569779681724,0.0249250824443662,-0.00980199078302404,-0.00107730602972544,-0.0036757442540763,-0.0073309437899455,0.00342424535840513,0.00232980564998546,-0.00214800799518639,0.00101520527946685,0.000790652459866538
-0.00101600700293245,0.00777534573805301,0.0016970604516156,-0.0115726774097175,0.0169179471771343,-0.0210337304279688,0.0136245220133515,-0.0113912031885597,0.00958101695556848,-0.0122015425543798,0.00450557258421552,0.0177543837112034,0.00308621410724192,0.00703738340394993,-0.0035954822907446,0.00969021703520706,-0.0419094888587443,0.0082739021883406,-0.0149855140800898,-0.0203984469503031,0.0221357422060257,0.00705900756297624,0.00418019272551552,0.00912545306523191,-0.00661841809428854,0.00395334671309738,0.0028193538238656,0.000230623749641938,-0.0241885024358537,0.00814729000920763,0.0103443594945748,0.00432313363429458,0.00145384154758285,-0.00882224076747803,-0.0211285777385397,0.00175271313818388,0.0329151143035606,0.00449693816811027,-0.000840990971800661,0.0145838629996736,-0.00251806614046239,-0.00169660684673953,-0.0073422263130109,0.000899138137310518,0.00116252982992582,-0.00378009919110075,-0.00451749044114311,-0.00996889477080442
-0.0110058382226679,0.00102478463042868,-0.00285016809456731,-0.0190295046107316,-0.00777743893432312,0.00842852166677312,0.00056158909370195,0.0105558995784744,0.016231941154948,0.0143836792879186,-0.00276750334116136,-0.00795713324000078,0.00675899216975673,0.00263449218900153,-0.0042697706636967,0.00830741126966382,-0.00357396996455944,-0.00172607028187191,0.00607017147854036,0.00773780905824798,0.00152484660918452,0.00556968742305396,-0.00429383122573285,0.00127295250684555,-0.0208861192343089,-0.00867946753862249,-0.00999122512165502,-0.0131667039997716,-0.0140431171031107,0.0132146245637519,0.00393085832675133,-0.0117517917417686,0.0217343225565366,0.00726016099921128,-0.0132633167366268,-0.00148645144343035,-0.00381752440716725,-0.00415553390007758,-0.00162913775728957,0.00258719984928461,0.0164584887508074,0.00336552764264472,-0.0162082915389972,0.00281734265923614,-0.000969705518624048,0.00762222920097432,0.0134940076968183,0.00175207425820899
-0.0156479219505725,0.00505280601560516,0.00549424763259793,0.00301615950481222,-0.00372611270467361,-0.012354438074461,-0.0183741498842666,-0.000114645938801582,0.0158512029887315,0.0198329385072001,0.00461190068864692,0.00637650259287488,0.00578453618364023,-0.0230861886268034,0.0207315100797738,-0.00383713615537509,-0.0137456577936946,0.00653153993184058,0.00402367091095601,0.00362066855027327,-0.0268189982121311,-0.0162115360092674,0.00149067485120404,0.00326790983989099,0.000968281184806685,0.00825045223709988,0.0167730839975993,0.00860684975419852,0.00607486957299039,-0.00306864571925536,-0.00659757002456105,-0.00520558228088791,-0.00512458982424029,-0.0026286797732001,-0.00588887237213234,0.00348585007937008,0.0134935910743999,0.00554694885804202,0.0122933052358885,0.00852267863075556,0.0105283439123022,0.00191903838556031,-0.00146309757709726,-0.00272276781587286,-0.00779408395536225,-0.0102118704941233,-0.0088525520671324,-0.00867446394715016
-0.0135458889491352,-0.015754694650059,-0.0168744611079914,-0.0107024980494481,0.00173344053395059,-0.00471797003542784,0.00516529641013214,0.00159002488158302,0.00394049181486265,0.00845813624975108,0.00934983315981118,0.0153821559539714,0.00355165543499472,-0.00151175450587644,-0.00779836200340588,-0.0153359983282594,-0.0174766193052281,0.0046110417384634,0.00758921758912288,0.00328948684094329,0.0105704758184457,-0.0146269156453431,0.0118994849914412,-0.00540667565080152,0.0169666389245663,0.00162648030149266,0.0068368608371894,-0.00514505107308381,0.00177819204344855,-0.00342259181697761,-0.0279103433238781,-0.00494599187692988,0.0128471268316422,-0.00734242725336146,0.00102604851086254,0.00336746821301193,0.0158033561263228,0.0116320535910814,0.0108967373424933,0.00545498845008126,0.00959837049373869,0.0091475073424409,0.00936312771545053,-0.00896328563660517,-0.0087234827999938,-0.00492122614658802,-0.00900969948464403,0.000660239501742537
0.0133001362075674,0.0152304199010582,-0.00972941269931964,0.0117372143798389,-0.0220000828030765,0.0114377248818895,0.0154621556012629,-0.00890143606050191,0.0153955820743368,-0.0217142363811021,-0.00715133436943381,-0.00911850513825015,-0.001840983960846,0.00330659514750528,0.0179620240513538,-0.0012499224992802,0.0050115235026842,-0.00885130464127402,0.00398247390248277,-0.00403474730825693,0.00417915966478982,0.00320224403449817,0.00276198476658791,0.0141012965455622,-0.026456872957452,0.00141890348833893,0.00651173036738915,-0.0229852168194712,1.01062221471368e-05,0.0120710593813711,-0.00339858156367936,-0.0102877229705931,0.0021781816619573,-0.021977286056652,-0.00500456458848741,0.00176396930078572,0.00421155542312085,0.0147817544225203,0.00621701949809234,0.00631859420313802,-0.00226697212691374,0.00166673178482672,0.00258107552149412,0.00384444852255927,-0.00768078399828387,-0.00366113432261628,-0.00854999499581635,0.00621543180214607
-0.00712252107111026,-0.0143459653967453,-0.00498627615793396,0.00501118298432333,0.0262358966642918,-0.00511061151115872,-0.00912607989662557,0.0273437359520458,0.00373700606278131,-0.024316884036322,-0.0269500764216653,-0.00737171093491952,0.00854615946166249,-0.0174644354627466,0.00747822011553128,-0.0185238147873591,0.00192783398318374,0.0104028693815913,-0.0123736609889127,0.0147238433725304,-0.0368175240787606,0.0109252787154219,0.0295484360277263,0.021605933403899,0.026194391329028,0.0188776063809098,0.00894451089857077,-0.00688387143625578,0.0203374993149092,0.012877039407899,0.0121852165678015,0.00299833764698123,-0.000769629781593961,0.0141121870117597,-0.0157400548598399,-0.0295892951248581,-0.0323353879048562,-0.00843890900034504,-0.0253613440578538,0.0141007035551038,-0.00368280264385722,0.00356827584531586,0.00851250113282555,0.00483486467306375,0.021154072797818,0.00140022990716048,-0.0202499590508551,-0.0100230179895608
0.00680483026553191,-0.00254589001109304,0.014030767276421,0.0197841825284399,-0.00673749304382723,0.00186583980879423,0.0111371641308266,-0.0226717647258844,-0.0182884740129731,0.0125218380793379,-0.00191166672061325,0.00173077942637867,0.00702736232803139,-0.0132997328753986,-0.00384024235565466,0.00980602965191847,0.00665133854717418,0.0116922928465919,0.00239047280139811,-0.0104201372233855,0.0113445630933935,-0.0150251870510073,-0.00150901022577113,0.00597662129719388,-0.00117716966933938,-0.0073901278326553,0.00440563283296513,-0.0161223459875523,-0.0154907559854424,0.0093525916808338,0.0449740381587191,0.00648210373594156,-0.00436575178005585,-0.00910282284329506,0.0188411882587193,-0.00614724010047296,-0.0145222617716082,-0.0364664364371643,-0.0272794445651559,-0.00152252873868456,-0.00630450039401928,0.00290977143769644,0.00826578947102946,0.000545100705159207,0.00413001184601662,0.0043305771653482,0.00689865716908405,0.00824143980810868
-0.0140881808464131,-0.0245346096451441,-0.0118960306270302,-0.0134965815464587,0.00418597950866842,0.00215152152453943,0.0148434786995051,0.00612628747588164,0.0171633462634824,-0.00515132245152192,0.00508512625480445,-0.00219203774918435,0.0248198113862426,-0.0130242692586242,-0.0153809634477418,-0.0302988098742205,-0.00660225188222398,0.00790569401809357,0.00640743089116499,0.0260437300653457,-0.0141451554700943,-0.0165152813039191,0.020860072593346,0.0208737040157814,0.00820189628490926,0.010432705489216,0.0108190069882283,-0.00426947546559348,-0.0044880970387253,0.00409633101620459,-0.00581235563233733,0.0234210352406355,-0.00796196491588118,0.0149106363510585,0.00291989740098558,-0.0231623069848359,-0.0151365693852541,-0.00879437399465701,-0.0105564035440697,-0.015184363686186,-0.0130871204480458,0.00963255771471283,0.0138963510210265,0.0106445383576414,0.0147256999846631,0.0122240781402881,-0.00406381592766952,-0.012548575560594
-3.19658076680662e-06,0.000439253728347525,-0.0641148612553914,0.0240150793650233,-0.0120990429031383,0.0143426697732142,0.0101414674545764,0.00420476234496769,0.018536347199621,0.0151107135874079,0.00832486197025427,-0.0222557625593962,0.0124888095096555,-0.00783225573083644,-0.033751201799325,-0.0226299216179826,-0.0132402857765435,0.0114616645197844,0.00866646899720253,0.000374519508789419,0.0269439695729703,-0.00673036030446237,0.00499782204766503,-0.00474401840071445,-0.0218167630105191,0.00468581838799189,-0.0167649537941135,-0.00187181598883426,-0.00457910947881777,-0.00379488236615003,0.00608682676603547,0.00852023154836302,0.00200068569820456,-0.0128593373050398,-0.0013111521755949,0.020299583402748,0.0167216796155765,0.00110144689268354,0.0308464868033323,0.0088280053716742,-0.0112614806269141,-0.0223144484921661,0.00329024730585335,0.00115512250680296,0.010585324880649,0.0128896294587234,0.000885645592943927,-0.00397029364435573
0.0195098827952895,0.0205689481111358,-0.00717213050438702,0.0278087761378988,0.022681356243195,-0.0179357375595643,-0.00525207745921411,-0.00481202362115396,-0.0122123083294162,0.0074270346741001,-0.0321386489042549,-0.00832230179670566,0.00391622269571851,0.00130143723167574,-0.02884691844078,0.0139366620478054,-0.0125471288936295,0.0191655190857832,-0.0195880431130032,0.0072341168339155,-0.00493379967503781,0.00697131850518934,0.00833857110410676,-0.00127755945957455,-0.0123638304752576,-0.0122884433092219,0.00195884301359572,0.00525528177157292,0.00220569973854186,0.0101501999556871,0.00961364806008183,0.0095004326194221,0.00871760094067974,0.0142197157134955,-0.00346399213534438,0.00221908937431081,-0.00943474963735528,-0.000397811589195222,-0.0148656865047236,0.00392750139832252,-0.0139012600448324,-0.00624312431493168,-0.0139983160199947,0.00235116669725374,0.00753453762106833,-0.00618516031623987,0.000835111391421214,0.0108323783425511
-0.00188338863532372,0.00509206504631936,-0.00915879128871767,0.015817820021511,-0.00511996054478078,0.0146166906836998,0.0172561748551166,-0.00165724366138602,-0.024940021179202,-0.0209318393801913,-0.018062276448377,0.00712469506154238,-0.01213314851011,0.00207668191304251,-0.00644855238684219,0.00339189629539263,-0.0100008523341194,-0.0164050181333992,-0.00661070863314848,0.00477826454061782,0.00887668451079998,-0.000192009749280381,0.0229366784937158,0.0120157944474327,0.00486357665934768,-0.00194839243301791,0.00379068898055215,0.00338601224105962,0.0198143809023565,-0.0156464144408048,-0.00787853698309503,0.000550609301089047,-0.00128776410747938,0.00454403947824569,0.0031144292550713,0.0144964080750668,0.00919035429002299,0.00922441760382252,0.00489142017380892,0.00138342839620986,-0.00894512864140075,-0.00145017755443717,-0.00595291098161634,-0.0101714503668831,0.00421303807304062,-0.00135152326777907,-0.00509086108572532,-0.0041792785517684
-0.0180039765080191,-0.0147150829826066,0.00605077535154407,0.00449772083791626,0.00688979728247735,0.00863531137029597,-0.00946694930470188,-0.0110916054577589,-0.0114623390513289,0.0159342860177259,0.00436225487543904,-0.0110431404874907,0.0167914876182394,-0.00481653040074497,-0.00163497944871354,-0.00865655392052534,0.00482838897719559,-0.0076163658453815,0.00402096192042979,-0.00381092549890457,0.0131965294132642,0.00793115720275715,0.0195624733618686,0.0158444133900216,-0.0097981303435572,-0.0121078973318757,-0.00618406397244032,-0.0139348167325931,-0.0182391340882843,-0.00856939480535922,-0.0292522398663479,-0.0098482193555464,0.00126612775108036,0.0216980961498034,0.0142434379129295,0.0241005599761329,0.00418743024912308,0.0187705384340813,-0.0103085905455624,0.0104979069411573,-0.00140875284161302,-0.00515504626824554,0.0182734911076878,0.00266608381056247,-0.015943748878245,0.00438432743259749,0.000650648544864577,-0.00621572199334959
-0.028727495740577,-0.0202307213247699,-0.0143227152020976,-0.0112922684090994,0.0139277578955977,-0.0138495839505194,-0.0117922206604198,0.0120139415310881,0.0236540891403411,0.00641074614821504,0.0377741848054304,0.0156087674756326,-0.00494719904121893,-0.0256586664827489,-0.0396069426814897,0.0161870423996405,-0.0176681039402281,0.00476317423352771,0.00439359799954629,0.00611203780093598,-0.00763826958087525,-0.00121503661797264,0.00564198854479971,-0.00131818465951418,-0.0047917943096852,0.00782352706662721,0.00851637413091351,0.0132707894924227,-0.00318779136006293,-0.0100449924639352,-0.0050854443162049,-0.00531449345746514,-0.00862823505193315,0.00244340282025958,0.0121745198278349,0.0183362106927558,0.0198757514826737,0.00834703283770804,0.00925147995971076,-0.00138212066304634,-0.000879961519584593,-0.00123668826612464,-0.00203676569756392,-0.00769458012205785,-0.00899960615917807,-0.00641707398581685,0.00756778106194595,0.009872758316584
-0.000306488649843388,-0.00833058599814811,-0.0080444243495809,-0.0050251212747271,-0.0140431902355613,-0.00577858061562298,0.0121948311961556,-0.0024110780620705,0.0103667250411091,0.00656189232268801,0.0070215230603979,0.0125840311999265,0.00216941679555004,-0.00411735827032223,0.00675061827481049,-0.0123371708070874,-0.00293387753869661,-0.00945887054333976,0.00969428085003874,-0.00905623558730177,-0.00996813771095108,0.0172374224774865,-0.0094437479368583,-0.00710512345985324,-0.010656975568468,-0.000472240044722301,0.0185727501594797,-0.00185386958531555,0.0209500562754767,-0.0419470421668417,-0.000552005502979583,0.0103469785374914,0.0199766770031806,0.0112771523885206,-0.0109236965473975,0.00169013705723313,0.0165571530876562,-0.00616866843451336,0.0211686828427349,0.0193095336549212,0.013515211448981,-0.0318543485945447,0.00169506429842243,-0.00341068587749855,-0.00249700823869486,-0.00198638088124085,-0.014930204512104,-0.00402702097797622
0.00354072803928684,-0.00614418313662719,-0.0186828539495941,-0.00566447150483745,-0.0131584678740275,-0.00643835704071591,-0.000857055769178536,0.00885909930206848,0.0283496582174103,0.0174851964896593,-0.0156723590346909,-0.00466956801657407,0.00677764552385832,-0.0080867231080228,0.0211158074307193,0.0026355251664497,0.00305938401886804,-0.0151204558202097,-0.0119719988395081,0.00288765060230861,-0.0271147177036723,0.00509246674056542,0.00295801083499918,-0.00996568996031818,0.0270770449064967,0.01480567681102,0.00143601119887671,-0.00227822572789899,0.0104888331090916,0.013418105835532,0.000413828183941589,-0.00127610270243248,0.0102942990710509,0.00901301542823045,-0.00793623947506503,-0.000664542937152832,-0.0114966957932457,-0.0160158508063324,-0.00383826691149873,0.00815452169055952,-0.000665564916066459,0.0104921693171873,-0.00858214524619829,0.00285513613705336,-0.0049282634834232,-0.00299844291185353,0.00163810839653678,-0.00862067978262528
0.00151205123035782,-0.00106853048351754,-0.00424444768154546,-0.00232399760232506,-0.00523240208196345,0.000736128810773021,0.00261736667450823,-0.00232228744058548,0.00382723022516061,0.00279452228046349,-0.00272475173109404,0.00297916908586787,-0.00141420594887521,-0.00334060265302445,-0.000799786868837277,0.00364041595775858,0.00179212749466795,0.00374036646900888,0.00255551554289456,-0.00357306582187969,-0.000231711850424456,-0.00147394682516814,-0.00438737660081075,-0.00681811754330378,-0.0029655200704965,8.41086144525993e-05,0.00307302705616459,0.00718856294388619,0.00166644661695452,-0.00115884545529292,-0.00436897885766629,-0.00635977729412926,0.00139473591446279,-0.00219548968209415,0.000634726859849513,0.00913812832400654,0.00299755065493494,0.00413216095494465,0.00952715537319507,0.00650128532903258,0.000683355790632799,0.00970303941922834,-0.00821503879900878,-0.00601414535796951,-0.00463617458572253,-0.0020312321361161,-0.000865486694188719,-0.00415325755716681
-0.0150954820208089,-0.00596309139283591,-0.00288719707490311,-0.00877889935480828,-0.0174166586912159,0.00191927353781302,0.0191782595283388,-0.0143874074919339,0.0173343613196389,0.0142089949436611,-0.000476355310219879,0.0105587141532187,-0.00409559949541728,-0.0015275110940169,-0.0145710242735578,-0.00452582810904942,-0.00090155693344398,0.00915328272022017,0.0111031257914042,0.00212008238116701,-0.0101254634777344,-0.0120397171849441,0.0024995178169251,-0.00165331850579595,0.00836249135673872,0.00924318001742249,-0.015236137545085,0.00737849786094479,-0.00930995797068574,0.00148814567483995,-0.0083832627079925,0.00417844684374556,-0.00059395141115217,-0.00474045539661276,-0.00527277128126142,0.00419521284458652,0.00320210924716164,0.01430336646206,0.0025084969373752,-0.00304709787187555,0.0102342921457151,0.00434025236585377,0.00119294862965492,-0.00199119965972637,-0.0114861058201374,0.00278900058414416,0.00466210375873579,0.00835189315384884
-0.0178484814531903,-0.00613586383298548,0.00622570416391664,-0.00522703824736481,0.00637445809274696,0.000586036685023827,0.0215796846957394,0.0061262002120908,-0.00709511631174742,-0.00180578493603756,-0.000225010448238888,-0.0119597495334095,-0.0252730826170516,0.0121532741587668,0.0286763496439795,0.0144095216027279,-0.0120917679860194,-0.00255870180505693,0.00562690057914364,0.0104406574241521,-0.00328400160342544,0.00467713664441734,0.00716305737454932,0.00975855262792594,0.00217723203563551,-0.006503412028151,-0.0408336601895248,0.0120319328591253,0.00673813593765615,0.00823452754245332,0.00326564507647181,-0.00692372543367896,-0.00473644838156557,-0.00767986277883927,-0.00173295450428973,-0.0169418737153284,-0.0179322801531949,0.00101105438785104,-0.020928645333485,0.0041007470256977,0.00253240640991563,0.00473933578624071,0.0108992460554708,0.011618526619386,0.00590622943259303,-0.0017490640056935,0.00246060543207234,0.00995336679252906
-0.0197546319125398,-0.0093019698135214,0.00123995677947285,-0.00343982204012559,0.000352401657520374,-0.00129377584325023,-0.0106340595256835,0.00682129938489176,0.0045273814140466,-7.05524758293774e-05,0.0163236073644803,0.013488937923517,0.0159197609459696,0.00073246405407726,-0.0205240787314779,-0.0185686942239799,-0.00495419304898161,-0.00202693184847709,0.00187084560286759,-0.00359681112500725,-0.001439158466432,-0.000629250838061424,-0.00166468846603546,0.0113800572062295,0.0265756290002535,0.0170319993449347,-0.0114670637415869,0.00382472398170694,0.00449462487033744,-0.00647064606469691,-0.000389903120382645,0.0189389223774168,-0.00112606139719766,-0.000678712453629791,-0.0125990143080104,-0.0130461771774324,-0.00841255016951895,-0.00952874550182181,-0.000809559781108124,-0.00512930776561184,-0.0029730046670997,0.00350774255680417,0.0081539658828545,0.000257240717849792,-0.00298779534950232,0.00848561868174687,0.00285978596912836,0.00673019414089448
-0.0127732517658063,0.0187075434411973,-0.0128376788704153,0.0170340897001053,-0.0217277812913961,-0.00409862706927578,0.0226493532327128,-0.00390128410923458,0.00605009805509238,0.0107270228194289,0.00638806970036798,0.0203317028790522,-0.0326987112153146,-0.0119272109639931,0.0121221132407542,-0.0241002384978904,-0.00222255433153634,-0.00817045137377798,-0.0021882575494195,-0.0130057612866177,0.0113961797592609,-0.00208615062403912,0.00586177805269145,-0.00620726726649058,0.0117434374751995,0.00718796782073832,-0.0198349607500652,-0.0156455569623521,-0.00164959887093084,0.00176650945789831,0.00236995287932756,0.0164753406378818,0.00573291232665907,-0.00135229389375766,-0.00065598887230018,0.00385027283274442,-0.0069578037250417,-0.000336232827680803,0.00214854183675957,-0.00250521268379241,0.00573462917708847,-0.00474154200058835,-0.0092393270247874,-0.00561542733986361,0.0225505299198906,-0.00389962757895562,0.00890971933396088,0.0106410341665109
0.0195946848298637,-0.0133185727794688,-0.00240488917928558,0.000379260635106522,-0.00272851787715325,-0.0173941659650824,-0.0100117080441763,0.000435778080079705,0.00102302055049594,0.0121699389824935,0.0144533760081403,0.0089132944720976,0.0143111656546252,-0.02144503946974,-0.0103953808851208,0.0134201062637907,0.00525930206383432,0.00220342851700125,0.0136624717080586,-0.0145920726712853,-0.0108198762395633,-0.0219582999939283,-0.0189534723178848,-0.0181914015731037,0.0106816660068252,0.0242340878132695,0.000400904132722132,-0.00604645975295216,0.0186508136744147,-0.00563128799221935,-0.00225519687481897,-0.00403038474363971,-0.00161845727251606,0.000108591068492231,0.0136795099846472,0.0158078038990486,0.00848623077665904,0.00665039325649384,0.0172055586199509,-0.00772942238557495,-0.00270080838540285,0.00566096357208019,-0.00183080922867099,-0.0119659762576235,-0.00621077094509717,-0.00442155404255806,-0.0105469675685046,-0.000190858124818736
-0.00946778879620986,0.0285483769991504,0.0111058637670661,-0.000824884461017084,-0.0146992042401559,0.00654519125922591,0.0246747535410966,-0.0291168247871392,0.0142724549381875,-0.00784893525490028,-0.026182110046173,0.0270649447725764,-0.00120342291159678,-0.00735733596928183,-0.0157129329953737,-0.00157623395024059,0.0122304193455633,0.0123170197319664,-0.00376474218995425,0.00887760154637052,0.0156211622261284,-0.0127933213000914,-0.00544405701649527,-3.13674751661885e-06,-0.0116443458160441,-0.0416576098855278,-0.0174418403724365,0.00232130286868257,-0.0131126986964476,0.0022021826980318,0.0103062412559336,0.013607999988773,-0.00279115115231526,-0.00669062163381162,-0.00134357423781945,-0.00399901300524498,0.00298915818913415,0.00106288983730976,0.00597924116524164,-0.00734488128815202,0.041651308766773,-0.00362718255510868,-0.00326245524834374,0.00450212354782109,-0.00435608016891939,-0.0119804037081585,0.013506116137981,0.00586043585146129
0.0499878621399575,0.0265927065275092,-0.00800419352198889,0.00870895656464785,0.0028421273433807,-0.00864159546951163,0.000241395790301926,-0.00764184318431496,-0.00921961615318567,0.000230820541976012,0.00304521487239404,-0.00516400591493923,-0.00324890591757301,0.00673160410468335,-0.00620226150130586,-0.00416759800556558,0.00800009905556121,0.0186037663845247,-0.0318050670307479,0.0143207675114688,-0.0200595002596194,0.0061034673158755,-0.0111291485448013,-0.0147037859744513,-0.0364724336911642,-0.0258967929577472,0.0245468665236496,0.026178700091487,0.00086385031893222,0.0303056840384584,0.0120023202072505,0.00592589061172364,-0.00391571918741717,-0.0207911412119378,-0.00923204183713498,-0.000155424525775438,0.00035708897180755,0.00804545944876131,0.00632181016348826,-0.0121734456839327,-0.00707971440347394,-0.00449096362087539,-0.0183519941078368,0.00532562651396884,0.0140482449623188,-0.00653357764180305,0.000764791977806843,-0.00501435163483108
0.00749034580314839,-0.00130834087552626,0.001448473102594,-0.0226193762904006,-0.00614496137748791,0.0113131437256462,0.000577273479432594,-0.0149368102421491,0.00405398129091077,0.0089716396178425,0.0102699345973885,0.00317001968393002,0.0121748291669636,0.00670249247585136,0.00723105306069014,-0.00528649455631263,-0.00639825674607285,-0.00199830102008279,-0.000701632143196101,0.000680336436337185,-0.0156934754455937,0.00325339722985263,-0.00508219832438311,-0.00638082434673715,-0.00341473731018589,-0.00267758614142448,-0.00576038104461304,-0.00745897591203488,-0.00589159187907889,0.00156073629298187,0.00153527174299948,0.00798289923455325,0.00478945646321988,-0.0228001340419094,-0.0100189966786851,0.0393789681706686,0.0167523477301194,0.00388539132204943,0.0106906831582091,0.00301542482830677,-0.00390599234939475,-0.00504381159150018,-0.00269861888843148,0.00179129716436716,-0.00667781848104548,-0.00407194063299279,0.00217790238967423,-0.00392604184849894
0.00256854268774769,-0.0128729399105787,0.0341736374811993,0.0114425263886548,-0.0097465247386011,0.00258667480531721,-7.90036321471344e-05,0.00698035569442015,-0.0334702142906987,-0.0119042159517066,-0.0038385706615228,0.016755519140821,-0.00569127406076028,0.00694466608764048,0.0140935746800533,-0.00243388439038247,0.0125174071492075,-0.00807119037680684,-0.0100135106883315,-0.00483081234002466,0.00920215145715355,0.00229261508226014,-0.0108318346025219,0.00222221598527576,0.0123508924216846,0.00489982053208703,0.00461421504806036,0.0142856082062423,0.00898291210004205,-0.000610639569746295,0.0171609713140068,-0.00713647290793657,-0.029437433122237,-0.00645818065969412,-0.0017440186187575,-0.0162397082310397,-0.0161907480754897,-0.000596437482646025,-0.00293274407937434,0.0108852108767164,0.0130790632042896,-0.00252943401086655,0.00754701329180275,0.000941475251076358,0.0152388853336871,-0.00864530556446794,-0.0120418384000448,-0.0134190178530636
-0.00379731160532737,0.00986218713586726,-0.0117758097696861,0.000655984439797502,-0.00512385372137802,0.0112240392750517,0.0162697782623287,-0.0103171428885554,-0.00363985879137209,0.0138222972316113,0.0031733285725628,-0.00618827012527681,-0.0107539378639626,0.00752461973407741,0.0034054113891743,-0.0147793634931701,0.00436029567524671,-0.0028480121868054,-0.0119438721955974,0.0177556929489462,0.0170372619695261,0.00574859308777861,-0.00839857413167486,-0.000170789232988175,0.00283619096167566,-0.00541296456012774,-0.00117082121587925,0.00137524863279311,-0.00867497097259137,0.0129078690643169,0.00694798154144695,0.0113386688780396,-0.0045748633175654,-0.0119155865512487,-0.0136548357592176,-0.0209487619589635,-0.0174587608213833,0.000961030599767401,-0.0139280819325171,-0.0313355185480308,-0.00477953225639685,0.00371004754728049,0.00542312214438012,0.0171439800164258,0.00590486332106867,0.0133243716662867,0.0122660618391874,0.0186125679650806
-0.00780398091926627,0.00171219187906356,-0.00290086854075278,-0.0145230575444993,-0.000277573793702836,0.00979900997220688,0.00616619234958006,0.000413655347372317,0.00104984493351928,-0.00521001171634142,-0.012250166372352,-0.00320981142178565,-0.00599234245334705,0.00149332488936325,-0.0010967615019172,0.000599755390170521,0.00591059490945352,0.00542958898902191,0.000147150829297081,-0.00442916880393803,-0.00484627980498317,-0.00109449850620842,0.0102525754022676,0.00782006273315355,0.0102092116763086,-0.000959021142097114,0.0062609096479789,0.00140955979866125,0.000978081736365522,0.0055969263837291,-0.00596796256160718,-0.00443187706939608,0.00243504321079852,0.008056291046929,0.0126955230504746,0.00624068657257051,-0.00257289658904033,-0.00320638915161298,-0.0150144466992548,-0.00294211473468248,-0.00101368566391558,0.00786257737844884,0.0139893101800385,0.00436228929656936,-0.00369671096779316,-0.00966160801192007,-0.00784157980287083,-0.0099475438300569
-0.00550174796258973,-0.000568228184379169,-0.0139085252968729,0.00867595933130104,0.0184220318514366,-0.00347288742537677,0.0130665675573405,-0.000140771974749994,-0.0161979111677949,0.00330318136268597,-0.0199336548181001,-0.0223251726602774,-0.0279389704181118,-0.00486153259742453,0.0107314722414098,0.00100348079982319,0.0337295186377614,-0.00227827923044192,0.0379988062980583,-0.00573590095236198,0.00199471357411732,0.00131965757078277,0.0122647164225907,0.0107282059151299,-0.0218662402194347,-0.00807109233355345,0.00379840670490331,0.00400417387107728,0.00355463673967542,-0.00911391567154673,-0.0107264121468002,0.00720040448258918,-0.005674844335075,-0.00857647814387312,0.00749418159556789,-0.00633133723280341,0.00601261193728172,-0.0126751914144787,-0.00236097727288907,0.000233402306664653,0.00531144939220191,0.0197157284331704,0.0068743751526408,0.000330987496617509,-0.0139290920122755,-0.00449986010940735,0.000377123033189847,0.00854323087260076
-0.000916612045479437,-0.0192656121581192,-0.0188710131230609,0.0172771233030739,0.040358183365225,-0.00147065121552523,-0.0027501730783386,-0.0140184816492123,0.00134970587867999,-0.0131763014076362,-0.00966568229134579,-0.00576768562998198,-0.0104748020980545,-0.0168401023253589,-0.0028195618775749,-0.00462125180636356,-0.00327081024250746,0.0192324467956091,0.0175350957578797,0.0161972414327192,-0.00449928026753064,0.00734373377665792,0.0121647690963536,-0.00474856283375244,0.00571429786555537,-0.00692956015857432,0.00727635638486764,0.00678418004540447,-0.00715938619545466,-0.0175237948051241,-0.00753858502190428,0.00548245983060083,-0.00911856581904138,-0.00238986768054942,-0.00180555870227195,0.00580234755281872,0.00922440082750246,0.0040643940258701,-0.0114068990210703,0.0109810707278493,-0.00501857375740751,0.000615952257444749,-0.00290273699639264,-0.000923035846992812,0.0027536194857795,0.00384263665794474,0.00774502600502788,0.00414810698175996
-0.0015794994148014,0.0124737313988955,-0.00839215804351711,0.0079276222216166,0.00635285010570823,-0.00346033398345162,-0.00269440785991978,0.00627230091932604,0.00577766720122704,-0.00193632060108352,-0.011035074046076,-0.0129152222779404,0.00214815586167953,-0.0218807862475875,0.00218321943386008,0.0135456784302439,0.0147383919359872,0.011307097847778,0.000676397127735193,-0.000159334613267656,-0.0106126670625253,0.00222387258382928,0.00943310034573575,-0.00405116563448955,-0.00884491082723231,-0.0124603097611147,-0.0187216984015086,-0.00222598036071327,0.0123883900204513,0.00922372170159841,0.0108633184916231,0.00444183353620278,-0.00781238312091183,-0.00990497994826429,-0.00713422995062073,-0.00854440543894115,0.00885425779460972,0.000826367104814971,-0.0112797287183444,-0.00953738652529243,0.0304568666226947,0.011395017638111,0.00329324733339652,-0.00317760707478884,-0.01242847902556,-0.0282168369690959,0.0228264185921982,0.00937638165772583
-0.0105637053646507,0.00568975745536446,-0.00831806872182954,-0.0145702214830033,-0.00308009473557258,0.00472036793172072,0.00504987094188991,0.00305266017798624,0.00834716598475139,0.00996007807680372,-0.0105936776461945,0.00134694719598261,-0.00664869622686171,0.00113210762021455,-0.0151695505889586,-0.00742753133492354,0.00177440685316476,0.0018519711650855,-0.00594184359576378,-0.00456725484210451,-0.00166328127593284,0.00205680164079362,0.00635645569785066,0.00215831160115193,-0.000673727931338353,-0.00220812292033844,-0.00152831872907311,-0.00421841488264437,0.0022141813894444,0.000712559243724237,-0.00713417422488295,-0.00651724955652352,-0.000353470440361362,0.00528288697507499,0.0107339745957996,0.00795128847533931,0.0131705184951773,0.014211831410695,0.0244769132921616,0.0164793008477941,-0.00654160126123714,-0.0166459358796659,-0.0136587149233193,0.00417836496252726,-0.00228694371341708,-0.00610035780966344,0.00211232848434009,0.00138990757342292
-0.00819199547312865,0.00522867076714485,-0.0318427046106158,0.00221314159669067,0.0213320773125962,0.0164879033008358,-0.0241317074084656,-0.0029285104239475,0.0220364971170239,0.0121296890194148,-0.0262822938864655,-0.0275967832986809,-0.0291937537873423,-0.00070621418949781,-0.0208181096299658,0.00435155189480495,0.0195992069721849,0.00728725171349239,0.00444506959559735,-0.0144220948065139,0.00619796386559299,-0.000486679186770748,0.0102064501154783,0.0102738569276392,0.010859311118393,0.00397352218356774,0.00886604374794689,0.00820474498083507,-0.00912378324858494,-0.0145219716575417,0.010074104247428,-0.0111871993287682,0.0261063286671197,-0.000131007550240793,0.0128192220844065,0.0124475890636104,-0.00324024996059756,-0.00930192576152468,0.0118331869420326,-0.00834999808266565,-0.0168752064024782,-0.0101995885546847,-0.00602577289486658,-0.00771525674935429,0.0104608811342094,0.0188177361338606,0.00277774937248278,0.00424305701831422
0.00905716313893702,0.00901945552375803,0.00729989752387595,-0.00120866947882317,0.00203735078519463,-0.0023197952389554,-0.00341131789343111,-0.00384702548137806,-0.00624929375177702,-0.00035876410198725,-0.00362287884995631,0.00527304469357733,0.0141762262283907,0.0113234788358416,-0.00806789830256811,0.00398198280028171,0.00872968566945026,0.00811755247021478,0.000462168884214062,-0.00139331922092892,-0.0106536106131297,0.00883985401346505,-0.000624678569600329,-0.00238834836399364,-0.00978150391263716,-0.0173271287584628,-0.0108382460748263,-0.0162962733995789,0.0108010405821778,0.0171235444621784,0.00379375989944442,0.0193816824400562,-0.00173037623565724,-0.0175080157711904,-0.0176795191062981,-0.0125631957029617,-0.0226935500829151,-0.0037354353751537,-0.00756330420492776,0.0164330016282484,0.0188789774585873,0.00320243624348176,0.0151816686964776,0.00551735072149015,-0.00203113964202125,4.84363978773966e-05,-0.00287827568910261,-0.0119081952749577
0.0222595534585162,0.0144608602708752,0.00973172462638054,-0.00843516841020149,-0.0153790356706287,-0.00328489547079416,-0.000252879132672509,-0.0164977821498332,-0.00855045320175592,0.00681297730624533,0.0257684713476411,0.00347403927729387,0.0174488088564274,0.00238434872400448,-0.00714674389339262,0.00908766035058314,-0.00232016159984586,-0.00373625660866796,0.00643569174236475,0.00220719451378429,-0.0130884942391321,-0.0253341965132953,-0.0189137833133547,0.00075623328561325,-0.0104941225576761,-0.00478638385343766,-0.000354352749161235,0.0113924007164372,0.0107108142885597,-0.0113663121078049,-0.0174595656660166,0.0103770176578436,0.0147768821242017,0.0115746364501834,0.0154042897386421,0.0031420223486131,0.0132681532487511,0.00416129135855439,0.0112841936409364,-0.0333015247791366,-0.0258459140774352,0.0107325698460948,-0.00215277533833894,-0.000615632450289547,-0.0144177953036733,0.00273029297637357,0.0120772616671537,-0.00872516073552962
-0.00491884807572951,-0.00639597340905657,-0.0045140674748719,0.00413766238258179,0.00417163644373827,-0.00392169218286269,0.000954225527218203,-0.00135917760649364,0.00121944067011458,0.00285948375405273,0.00559227793136644,-0.00662117098095481,-0.00244803089123878,-0.00524593744033536,-0.00586546306267677,0.00816505026248501,0.00874538959710137,0.00452697807801181,0.0104389603773099,0.01278413349055,-0.000233256744678095,-0.00665492213789505,-0.00596946266604113,-0.00635467971343606,-0.00452473077535258,-0.0058805601523432,0.00271584321106688,0.00225154439217082,-0.00215969402618433,-0.00269892658191338,-0.00273196557863204,-0.00607817692337582,0.000232689043870908,-0.00708382199415605,0.00427592297577396,0.00929547791395702,-0.00486649334612942,-0.00418738642793124,0.0025993399040176,0.00958323323297127,-0.000782745992271516,0.0055601581511227,-0.00154929542202856,-0.00423561159740547,-0.00141874957592703,0.00537844009599554,0.00411510024156601,-0.000902146897121044
-0.0053573334890539,0.00454851704385252,-0.00508634509446144,-0.00426635546670901,-0.00751651900835789,-0.00546332422436932,0.00818647245913299,0.0026051874668849,0.00144450572423467,0.00442734798123636,-0.0119532508526113,0.00629010585707187,0.00031323910235788,-0.00325522691372243,0.00359452042421231,0.0135460572739719,0.0046222239863643,-0.00540085718556085,0.00261484062628229,0.00811087540557616,-0.00143069474797276,-0.00635370916882811,0.0121440817199685,0.000321471654790836,-0.0156046380254631,-0.0195502513344647,-0.0028426059259587,-0.00731023203522654,-0.00481657303872026,0.0136198372900952,-0.00228720111322003,-0.0148118584579216,0.00526104971425739,-0.00967745877229376,0.00886322068521095,0.0140874303833709,0.00921758734970842,0.00452882221866029,0.011935084596009,-0.00483979634256266,0.00938760002527569,0.0278642307241983,0.0184207031587142,-0.00323041498640796,-0.0205484508093266,-0.0128836466107466,-0.00525805986654113,-0.0162102094009372
0.00602604469199237,-0.00618101005714464,-0.0125132205059568,0.0109008711608772,0.00820658221324037,-0.00331304390682728,0.0158229223323812,0.0172787644442618,-0.00513051530840702,-0.0207042321681271,-0.013876272732924,-0.00672361263556899,0.00529337860015718,-0.0149144942800164,-0.0242218270830053,0.00533141361905134,0.000563353183861214,0.00622425325114443,0.0123832760339469,0.014910728783902,0.00748079157052618,0.000823486641872921,-0.00248774043189835,-0.00379853844879435,-0.0031969154762465,-0.0147056947598873,-0.00479704831202155,-0.00416208655417259,-0.00446275058199609,-0.000239236834088705,-0.00331272369480309,0.000881545082374591,0.000978286090300901,0.00430771046499859,0.00677405941741009,0.0202635145111223,0.00074848269525761,0.00642041607013297,0.00499376163494872,0.009159152959916,-0.0136598900671244,-0.00523485442709846,-0.00793645448734018,-0.00297625644122706,0.00576134504418346,-0.000998880110068268,0.0044161056717142,0.00359705313516891
0.0197004321917137,-0.00972963034444142,-0.00998860507262415,-0.0465571253331885,0.0146483686554627,0.00636655940198167,0.00365939298507277,0.0102159982376341,0.0023068180617902,0.000391247054725825,0.000377227043737887,0.00499349127450218,0.0130501359937264,0.00758762929668107,-0.00390046236930001,-0.0049232769027845,-0.0109829404532119,-0.000191538679344481,-0.00104404809645467,-0.00648056922395673,-0.00163165637417474,0.000964602077205775,-0.00425230005521356,-0.00584463500527948,-0.00300463684344167,-0.000844044218135019,0.00898097779025689,0.00844069026227759,0.0037051404044007,0.0117649208737598,-0.00147712911261504,0.00544428328115801,0.000702580538035874,0.004094441315701,0.00857541455393745,0.00232028948754373,0.00204915556318634,-0.00053885490785727,-0.00324138533432834,-0.0274951676828069,0.00554234284461799,0.00208270770770621,2.01964079556902e-05,-0.000990464866848582,-0.00353746653275389,-0.00408383689869706,0.000868171975731184,0.00188655902695561
0.000629252034938882,-0.0126882658191693,-0.00284267047614192,-0.00199686520378631,-0.0103736849415277,0.00447622839487925,-0.00502749904780474,0.0163778315376392,0.0127727463567315,-0.000374271939667638,0.00879304617942889,-0.0102301381931929,-0.0129451639661256,0.0215709697495606,0.01313801528204,-0.00136901885171668,0.00712497801372142,-0.00251552695884498,0.00299567584117965,0.0142000387443931,0.00246925693467406,-0.00608673981611715,0.0126147090727859,-0.0165687683036894,-0.000902515941253262,0.000870072294008262,-0.00372298590134883,-0.0102057715991628,-0.0153660511814781,-0.00121098738795641,-0.00727564653322054,0.00349341880643939,-0.00384229640537399,-0.00286417460004711,-0.00271504364161152,-0.00291067093106917,-0.0232214364692243,-0.00242807580155025,-0.00037505569411149,0.0148464103802299,0.00772284709815003,0.0137897940827958,0.000291355050171298,-0.00875829939462577,-0.00360449546583333,-0.00278494318635654,0.00936203378030398,0.00766838401793324
0.018860269276974,0.013482753460042,0.00503600799658743,0.0134266699875096,0.00142152231562447,-0.00986434928640926,-0.00993773948347348,-0.0140382422536073,0.00906322413740525,0.00958279359985072,0.00204759510874608,0.00897966260442153,-0.0038140481803593,0.00404189327868058,-0.00477427007550167,-0.00193554777689179,0.00886618085395608,-5.45443994244242e-05,0.0037179279579313,-0.00710091996314065,-0.000921529726307942,-0.00260744672824142,-0.0150529339502386,-0.00200618179697213,-0.0113269182097681,-0.0208864751823171,-0.025185479162863,-0.00224413665508619,-0.000246721551279125,0.00955164488383853,0.00450457557102807,0.0121451809922355,-0.000252626182247487,-7.25441570574858e-05,0.000473593955076193,0.00407779099263036,-0.00117469252238513,-0.00596212866833752,-0.00933032486060896,0.00114781896287191,0.00111786567965881,-0.00380350886345249,-0.000648510421232283,0.0182958815436847,0.0094736108428347,0.00764658638306626,-0.00943947953664017,-0.00427975079081021
0.00114719873705822,0.00702269757642816,-0.00139904475186092,0.00336354886223496,-0.008303554355437,0.00371033143943217,-0.00166918261714179,-0.00202051952421016,-0.00412215801732208,-0.00539254209460401,0.00520108869420072,-0.00682625827069221,0.00235417729054838,0.00261599493383033,0.00237399889491728,0.00321617118244936,0.0094316138360168,0.00391097962154101,-0.0073581497859406,-0.00583247259604371,-0.0066027867965902,0.00256909142918478,0.00348791242807883,0.00457982952963136,0.000450503685916842,0.00356113616620309,0.0100042777909033,0.00482860514752941,0.00015728602483768,-0.00601657685272443,-0.00802045953994275,0.0001520918296153,0.00714618778559635,0.00902819095159418,-0.00653180273072734,-0.0137827712474231,-0.00994330659068023,0.00326428099496609,0.0071507086776775,0.00859048640748405,0.00575800475347516,0.00384896687668847,-0.00186337795613974,-0.00497845743015857,-0.00201572783115046,-0.00388135608065991,-0.00506945595527024,-0.00729540052332436
0.0111911789829865,-0.006831047189589,0.000876766601186116,0.00647520237372883,-0.00484592707282787,-0.007619274436494,0.00493680738274994,-0.00138585881440315,-2.59900648517455e-05,-0.00734153892310734,0.0092028979507428,-0.0101482674205521,0.00332849587919001,0.00235048979554873,0.0125452795421217,0.00428861353212132,0.00140662742304852,-0.00317771333097069,0.00595541773522813,-0.00485328093483819,0.00747423526435931,-0.0006306437860196,-0.00399854556373108,-0.000939978574935829,-0.0051474228340165,-0.0128306769280388,-0.0158359408204966,-0.0119814420618564,-0.005270257916503,0.00409625043271961,-0.0316763030892212,-0.0102223339184984,0.02024187701437,-0.00924383690571495,0.0194808849126624,0.0254815703231719,0.0244091739234633,0.001788408834285,0.00423920382010176,0.00485616452622583,-0.000364960463853703,0.00323622516697702,0.00222483023343013,-0.0115594846602938,-0.00825328793372601,0.00336406949088307,-0.0111237920371695,0.00185713454040833
