"ISO.Code","IMFcode","Country.Name","X1","X2","X3","X4","X5","X6","X7","X8","X9","X10","X11","X12","X13","X14","X15","X16","X17","X18","X19","X20","X21","X22","X23","X24","X25","X26","X27","X28","X29","X30","X31","X32","X33","X34","X35","X36","X37","X38","X39","X40","X41","X42","X43","X44","X45","X46","X47","X48","X49"
"USA",111,"United States",0.032403053107112,0.0512526981704884,0.0549211190955692,-0.00542010295785822,-0.00205683032648452,0.0524799077195475,0.0452043835548892,0.0538753325178192,0.0311705084769969,-0.00257083083232423,0.0250605928720447,-0.0181932342206572,0.0448197121310745,0.0698676173614885,0.0408507025069529,0.0340404515625305,0.0340106425452102,0.0409218502330653,0.0360681181892026,0.0186838938635034,-0.0010831083289311,0.0346182702301405,0.0271563368244365,0.0394978886168396,0.0264889484474935,0.0370308674049191,0.0435116190391014,0.0438390135529474,0.0464372529310957,0.0404457521156125,0.00993390696098118,0.0172669812286905,0.0282104346169909,0.0372850898804593,0.0345291250704456,0.0281497523137801,0.0185879043514987,-0.00136664667834552,-0.0256950243695968,0.0253146519618603,0.0153893359493367,0.0222461451109801,0.0182531378585118,0.0249460356334943,0.030291716914796,0.0169694581964386,0.0230588109554617,0.029524553020071,0.0213814378153181
"GBR",112,"United Kingdom",0.0344477908174401,0.0423080351684426,0.0631994431673988,-0.0251585173517519,-0.0148457075948603,0.02868717602224,0.0242799350657243,0.0411831472924007,0.0368041929752589,-0.0205224200143661,-0.00790836586058141,0.0197520251053511,0.0413524274256982,0.0224364053475501,0.0406376739348548,0.0310178030264776,0.0525227748708801,0.0557413531952431,0.025449310629611,0.00731109292086174,-0.0110922834161844,0.0040022835932465,0.02459348099819,0.0377393501423118,0.0250014415142648,0.0246108077537581,0.0485548127531317,0.0364068881364581,0.0324206103459765,0.0344615980080132,0.0269372202235925,0.021553502734637,0.0326790665879475,0.0226052989406309,0.0291284993734138,0.0265816393304839,0.0233314407937204,-0.0027916904313301,-0.0420097333301399,0.0205284365842058,0.0126763174203219,0.0142026336057892,0.0216256161507111,0.0282251902440009,0.0233558301126173,0.0170772648471278,0.0172533658746303,0.0124480468558872,0.012530380801671
"AUT",122,"Austria",0.0498670688732954,0.0602279469957754,0.0477161613786059,0.038679870728453,-0.00362971960996283,0.0447536172593548,0.0495514660785936,-0.00210876607411947,0.0521816016314602,0.0171666629657832,-0.00144398672244783,0.0199129028028899,0.0292974491425095,0.000512755476281157,0.0246796582538131,0.0227531112273223,0.0134803782825852,0.0324273744464225,0.0381342242908307,0.0425386499513323,0.0338373023917988,0.0207191433744676,0.00525435327310397,0.023737153973606,0.0263301535969696,0.0232235594999466,0.0207198801175554,0.0351877724854841,0.0349455460642627,0.033199929979796,0.0125921827932078,0.0163805845328238,0.00937061212216328,0.0269838564014275,0.0221925812179613,0.0339572942414694,0.036596214161797,0.0144986788249906,-0.0383726915229463,0.0182042394039907,0.0288089243573939,0.00678147272508589,0.000254954447104438,0.00659099386292006,0.0100938848048031,0.019699114523851,0.0237124292405593,0.0254739941060915,0.014087619509457
"BEL",124,"Belgium",0.0368431301355319,0.0512218696791358,0.0594222864832084,0.0411383811942709,-0.013358764440019,0.0549875357134688,0.00624181046595496,0.0280228669723499,0.0231406835613157,0.0438207312750905,-0.00279673696278593,0.00593228842335769,0.00311347999391032,0.0243647188426763,0.0163828311244192,0.0180636572574091,0.022804446944491,0.046150592471113,0.034103529465412,0.0308919502725473,0.0181646711461436,0.0151906454473476,-0.00966525402868612,0.0317600406138911,0.0235676291670135,0.0131280722279143,0.0372346509779931,0.0194284793230199,0.0348142763944921,0.0364926964911501,0.0109360711377882,0.0169249201983774,0.0103260444872255,0.0350889702677719,0.0229519832059211,0.025203200343098,0.0361093552002139,0.00445925360548038,-0.0204142676985182,0.0282403631240644,0.0168029663107223,0.00736517540482851,0.00458175337048594,0.0155768846795237,0.0202090887524005,0.0125872332689489,0.0159529807027479,0.0179606616331363,0.017287968864057
"DNK",128,"Denmark",0.029607619307626,0.0385410894345757,0.0401137973089511,-0.0112875854986125,-0.0146725680653539,0.0575572100734743,0.0185301454199038,0.0220188726458748,0.0379607600648146,-0.0048415859295563,-0.00668364217351503,0.0361839378845428,0.0256293440333746,0.0408169845976207,0.0392562788487307,0.0478777376764121,0.00253912169383774,-0.000136241819474137,0.00643133403726637,0.0146446871945383,0.0138403193485086,0.0193811284687868,0.000106643362078884,0.0519512629287817,0.0298270772594602,0.0285880519617034,0.0320885074440049,0.0219390785184732,0.0290539261586122,0.0367841881618656,0.00819778602281218,0.00465256978092654,0.00389312242728579,0.0263322595829365,0.0230977797126055,0.0383836407964857,0.00905141132188092,-0.00513339479222452,-0.050309803698843,0.0185370293166063,0.0132790887835785,0.00226213688597987,0.00929025002051453,0.01606408338675,0.0231559577494895,0.0319437639745335,0.0278267018036864,0.0215231173984254,0.0280966517631089
"FRA",132,"France",0.0518019394869178,0.044125629075527,0.061514440694511,0.0421100571833399,-0.0096452510323104,0.0426452984601795,0.0340564091370705,0.0390144508918198,0.0348843585085827,0.0156640963661179,0.0106334682763904,0.0247452591585358,0.0123323202263013,0.0150237743291548,0.016097473846008,0.0231038723635226,0.025296279179198,0.046340936409381,0.0425217144718122,0.0288199445963748,0.0104272027062553,0.0158668705255174,-0.00630650735384464,0.0233096507417905,0.0208480861522364,0.0140311000989879,0.0230942302726476,0.0352575668388457,0.0336415698590926,0.0384864690469922,0.0196429736465014,0.0112913466686742,0.0081980053707511,0.0279043871391007,0.0164955060200089,0.024198039841723,0.0239580493288809,0.00254619017672653,-0.0291539938646128,0.0193068666245342,0.0216900819365158,0.00312640016207588,0.00574665728225199,0.00951642579532574,0.0110677153919418,0.0108951457662805,0.0226555319027355,0.0177698493110867,0.014973251438402
"DEU",134,"Germany",0.0308462645306093,0.0421044627473446,0.0466686979345212,0.00886131203272633,-0.00870511396455953,0.0483068094834511,0.0329241511693095,0.0296412219596487,0.0406655113598244,0.0139899782745019,0.0052785114926337,-0.00395635285655516,0.0156018942975091,0.027838286559545,0.0230126001885971,0.0226156345776385,0.0139241148130278,0.0364016533199365,0.0382255987410201,0.0512158018191329,0.0498208065021029,0.0190480930302268,-0.00981651515700221,0.0236373455651364,0.0153234849938197,0.00802589548183619,0.0177629104383907,0.0199392850611417,0.0186966658275729,0.0287089246483667,0.016674967544235,-0.0019816792309264,-0.00702577067402821,0.0116822718646574,0.00729042821479098,0.0374541699868018,0.029330186403433,0.0095530307645344,-0.0586236970756975,0.0409489931613969,0.0385010784292348,0.00417629664965702,0.00436634048799611,0.0218548858043466,0.014809125277699,0.0220549434821695,0.0256870199529402,0.0126002692538325,0.00553910186322071
"ITA",136,"Italy",0.0180178166398051,0.0362401894381179,0.0688342630074352,0.0535419896270852,-0.0211230016185802,0.0688297548028061,0.0252826431809634,0.0318875544864827,0.0578835151339625,0.0337250089163987,0.00840686180460359,0.00412741459511956,0.0116241482326132,0.0317490830170417,0.0275965357377999,0.0281984293506685,0.0314207192898888,0.0410879886771642,0.0333224374235961,0.0203180361621609,0.015220935252545,0.00769974003062046,-0.00892188087992629,0.0212905959348912,0.0278775137264429,0.0125882015249381,0.0181366763120021,0.0179442791727524,0.0161264349062158,0.037170063906208,0.019325835535561,0.00253616396982004,0.00138534416031,0.0141355536570416,0.00814529457127833,0.0177479494418762,0.0147612437083371,-0.00966681169484396,-0.0542548604847184,0.0169878448488703,0.00704844769837365,-0.0302623715644295,-0.0185822731844141,-4.54720561240407e-05,0.00775290194790834,0.0128517258732774,0.0165411074295889,0.00939655197845646,0.00342131888922381
"LUX",137,"Luxembourg",0.0263228534621351,0.0638964648924052,0.0798519315731276,0.041261573973058,-0.0679723213827117,0.0250274735989464,0.0155757390179811,0.039941506588578,0.0231851525595257,0.00837361457979391,-0.00552470234292457,0.0112494103954202,0.0294527905419955,0.0600309890797917,0.02753448060046,0.0951640816989947,0.0387492727118204,0.0812414868126261,0.0934726963554589,0.0518325203884569,0.0829080789583525,0.018032896286611,0.0411481546132073,0.0374973564055328,0.0142204076277004,0.0137888449373218,0.0555265734477572,0.0586900866301718,0.0814047899345187,0.0791788746531203,0.0250046503604846,0.0374833172252753,0.0161614664697414,0.0354848058203601,0.0312316177313612,0.0504885462874132,0.0802385686263012,-0.0128783797008261,-0.0445645708900102,0.0475033071140345,0.0250753462269913,-0.00353144551332818,0.0358918658644409,0.0420703050995446,0.0421628596595482,0.0447305436649348,0.0178516002512765,0.0306341392103047,0.0227100799726614
"NLD",138,"Netherlands, The",0.0423962347349143,0.0247561696684464,0.0562316884279088,0.0416785390474335,0.00122938990859112,0.046765776564019,0.0190305247031635,0.0230400376072346,0.0200174981533241,0.0319927673191565,-0.00786697943632397,-0.012485127605057,0.020488203468485,0.0301573971265228,0.0254745441309261,0.0274885128794402,0.0191284157234648,0.0338333003559743,0.043253423775413,0.0409799696670543,0.0240977636671893,0.0169168905835804,0.0124976927255993,0.0291809613890361,0.0306840332448832,0.0343893547083436,0.0423797050062511,0.0455842116368537,0.049114379203262,0.0411001368227026,0.0230029760947144,0.00217033517822252,0.00155526847318654,0.0196550433576235,0.0203012422485553,0.0340244701368171,0.0370340848770478,0.0214710661173569,-0.0373579913096638,0.0133380426384644,0.0153928262223744,-0.0103570588622848,-0.00130256631007697,0.0141336147037876,0.019402248287129,0.0216804334459333,0.0286933514075152,0.0233349203145341,0.0166349616256021
"NOR",142,"Norway",0.0551736915149981,0.0519339674076384,0.0443319267819167,0.0384801575742397,0.0483343358461017,0.0566203206981601,0.0407651645278619,0.0379640797856489,0.042795810730011,0.0446352095132276,0.0158564239094439,0.00235086409703733,0.038959058835923,0.058763137853564,0.0540464550672919,0.0396269667818174,0.0173820247134184,-0.00255672056023215,0.0103294185890892,0.0191398874915354,0.0303809579669103,0.0351198938252359,0.0280559943877847,0.049317893153205,0.0407146627894495,0.049056358895557,0.0514968985881321,0.0259057188080973,0.0199287569156166,0.0315468801740835,0.0205356771590584,0.0143589345748758,0.0090600002439345,0.0389264462202661,0.025915964537786,0.0237144137856085,0.0295029524258119,0.00475251796318865,-0.0174210533682402,0.00699380294669716,0.00976688812312787,0.0266718560819346,0.0102875583933049,0.0195040376753113,0.0194803129304386,0.0106585275662141,0.0229668064859396,0.0128131034780434,0.0114809976056307
"SWE",144,"Sweden",0.00940204683605117,0.0226293087032481,0.0389128959208147,0.0314810936442509,0.0252083001625696,0.0105254887284065,-0.0160913696497627,0.0173638685804001,0.0376810849333307,0.016856836402189,0.00453797324944105,0.0124093572091706,0.0188280065493789,0.0414253600755519,0.0213736873538082,0.0265574216457996,0.032988273047188,0.0252684807671155,0.0262018073176069,0.00751833514925693,-0.0115258114967887,-0.0116536628841004,-0.0208724036793129,0.0385470748261962,0.0385973065294145,0.0156711311238098,0.0302433692800044,0.0422145974225572,0.0415947093534577,0.0465624032611451,0.0143909838069423,0.0217313010616174,0.0228354257952788,0.0424544691135118,0.0281870320994884,0.0455732968900282,0.0338140790653796,-0.00451582984957533,-0.0443677237724209,0.0578169590369715,0.031453488532577,-0.00590042886381426,0.0118077161475831,0.0262309790942084,0.0439142901307221,0.0204944817252635,0.0253551491051027,0.0193123699051281,0.0125309941412688
"CHE",146,"Switzerland",0.0399458546622817,0.0315034969058363,0.0300432959541901,0.0144442743121349,-0.0756202864130913,-0.0141361230305517,0.0240449777769935,0.004082489177474,0.0246098801517753,0.044992226643167,0.0158864914147401,-0.0131806357445861,0.00637045158384453,0.0296408993624251,0.0360772329066652,0.0184157621463896,0.0157304634383539,0.0322502421201172,0.0423963373341518,0.0360872354957991,-0.0092003548697388,-0.000437409944709088,-0.00126064735033182,0.0126176149995132,0.00479713276190807,0.0049269443122455,0.0224380463298441,0.0301928936016687,0.0173047942095881,0.0389937949085066,0.015635348704448,-5.51329504929754e-05,-0.000468515040568107,0.0278245693608543,0.0284187631295918,0.0393649325310665,0.0391796519864211,0.0271822243765776,-0.0210155962580014,0.0321583803068233,0.0190223087252708,0.0120985155096438,0.0180527254986416,0.0241738398483449,0.0164418288682615,0.0202456140341365,0.0157239205347768,0.0296889088680281,0.0107612000101707
"CAN",156,"Canada",0.0389346621549169,0.0536325024197151,0.066122362425558,0.0322766917546584,0.0145066272259822,0.0571232471388754,0.0338037034674379,0.0361729578562393,0.0364395612296313,0.0213263632940919,0.0341514199156876,-0.0323916126684622,0.0256807919340059,0.0574048882914475,0.0462860338660143,0.0212229722589115,0.0399219984359664,0.0431563142040154,0.0229054317693347,0.00164544919421239,-0.0210815941634888,0.00896235980698812,0.0262606931391574,0.0439639366765068,0.0265831793844935,0.016062176571106,0.0419096780719723,0.0382217109585952,0.0503405029382673,0.0504805872268825,0.0177413696757398,0.0297339887492907,0.0178548502410347,0.030402966127328,0.0315393361773904,0.0260020746423066,0.0205065741048784,0.00999273619576435,-0.0296962142342565,0.030431540970481,0.0309762398976368,0.0174563427529719,0.0230241121733119,0.0282962700961917,0.00657013529348838,0.00996406637502822,0.0299459576223136,0.02400503387104,0.0184430195696716
"JPN",158,"Japan",0.045919275597365,0.0807829239381768,0.0772627984294694,-0.0123281225869203,0.0304475101715287,0.038980164171555,0.0429669813265541,0.0513767019279818,0.0533895568084279,0.0277862481749214,0.0412315332775961,0.0325877231496552,0.0346240943052152,0.0440359059591966,0.0510104192203116,0.0327239595895232,0.0462217740085773,0.0656475067753455,0.0474371597012411,0.0477680057654872,0.0336038453651497,0.00844493208807329,-0.00519263143280213,0.0098817141053722,0.0270522085702289,0.0305291206851166,0.0107029977485134,-0.0113483704082569,-0.00252269618191292,0.027417086206901,0.00405514840859666,0.00117922643997126,0.0151665717723954,0.0218073844715363,0.0164899856883451,0.0141002144370272,0.016406549262129,-0.0109955923327316,-0.0556862468021482,0.0410626276626562,-0.00115492565802455,0.0148402602679294,0.0198052355162908,0.0037401898800109,0.0121550509438144,0.00520593028799077,0.0214511236017607,0.00322688456318154,0.00669895281105859
"FIN",172,"Finland",0.0232957603488089,0.0745088342438347,0.067507510594865,0.0318526416273315,0.0178879985254934,0.00343787302280596,0.00239232020556379,0.0287789134670664,0.0687974474640942,0.052488624906589,0.013072881001861,0.0306077028934215,0.0306900283307119,0.0318638032129996,0.0348737577832967,0.0271834738519097,0.0351242011013557,0.0508559680505556,0.049619880396726,0.00668044083914587,-0.060666867387452,-0.0335016375170412,-0.00664196147402762,0.0388653978780376,0.0413037410096919,0.0360153571110988,0.0614130055349946,0.053134832851665,0.0428638596708684,0.0561285246035936,0.0257654092309512,0.0169274042127281,0.0198396510268868,0.03914476656138,0.0274190988652308,0.0394842313458188,0.051636921114957,0.00780940903992722,-0.084191114712695,0.0313625362968555,0.025157495962322,-0.0140740049139243,-0.00905790784590366,-0.00365572161443595,0.00542195778815113,0.0277265469883492,0.0321784520250876,0.0150618315499287,0.011390339464473
"GRC",174,"Greece",0.0754892996689129,0.0967651131365823,0.0778159597042372,-0.0665484676543073,0.0617235194493606,0.0662735029433872,0.0289858209883445,0.069963211371201,0.0322936622440491,0.0067484792888628,-0.0156591793487806,-0.0113910865200513,-0.0108448445883713,0.0199063493880374,0.0247858177653644,0.00516323350949044,-0.0228476762802412,0.0419848644602236,0.0372957941179664,-6.92876973573675e-08,0.0305292721853352,0.00697559671715631,-0.0161293988854734,0.0198025488179674,0.0207798841916276,0.0282192396926551,0.0438657959360729,0.0382096477325966,0.0302633961065499,0.0384489228179312,0.0404854583798624,0.0384788563712331,0.0563286405700563,0.049371657059373,0.0059735564578105,0.0549845794342776,0.0322130334143171,-0.00335740045500899,-0.0439595412536349,-0.0563442104070795,-0.107021070210671,-0.0734566340864902,-0.0278005374301458,0.00695719447178433,-0.0041276070472982,-0.00491064594037027,0.0127268859742351,0.0154694749309456,0.0183964808324806
"ISL",176,"Iceland",0.122755908470692,0.0599404332868261,0.0658440269785121,0.05549417464883,0.00644073285936564,0.0578856291018077,0.0845458332793658,0.058426570139483,0.0474616015347369,0.055887884921292,0.0417655525088261,0.0213169384816023,-0.0217464138019281,0.0404614878313385,0.0323978452373108,0.060817946955904,0.0820032998831657,-0.000897672120798276,0.00258114104661189,0.0116257346397202,-0.00223765829101197,-0.0343212168958207,0.0130489738457022,0.0354525733664417,0.00116513310631028,0.0447168461408616,0.0560066442860663,0.0685513717695283,0.039634628343352,0.0477571691497918,0.0382472262345459,0.00678859337236304,0.0224279930606706,0.0773517844840939,0.0613772860330641,0.0511570915052744,0.0895236027619095,0.0197240617722194,-0.0701780694311989,-0.0349628908457866,0.0186413330084854,0.0128810978308671,0.0405068505983071,0.0206124226307569,0.0463966030239877,0.0641669949340198,0.0444568360384494,0.0374346686377347,0.0190050504152861
"IRL",178,"Ireland",0.0341104390627152,0.0628791535223634,0.0461335793530004,0.0417197926349715,0.055024473400012,0.0138517041850346,0.0789156239420539,0.0694022448459819,0.0302676191981934,0.0303286692407756,0.0327113086896205,0.022577887790332,-0.00244599441389326,0.04262231532811,0.0303897598637093,-0.00429253586849931,0.0455762956766108,0.0508586403499223,0.0565118391075004,0.0812715014134291,0.0191126604875418,0.0328859550892595,0.026569909222566,0.0559627786411454,0.0919812842006991,0.0711190279091145,0.104489160352433,0.0836735317821002,0.0999035853000443,0.0899660619729872,0.0517401562758479,0.0573226115475354,0.0295677672903896,0.0656270733947046,0.0557805026558675,0.0487120053466565,0.0518207721762387,-0.0453995831919638,-0.0520798265981046,0.0175770426032962,0.00599282784472344,0.0012772885693515,0.0121938833898163,0.0828735895363888,0.224553834240853,0.0197414741406519,0.0873645271615793,0.0817310229620603,0.0541585623810761
"MLT",181,"Malta",0.0242436173736271,0.056742384934128,0.0406251025432445,0.0956409837999477,0.178648888330962,0.157149760917644,0.114971742722227,0.105810809013824,0.0997617946309042,0.0681231572108683,0.0325810627988226,0.0225874755911075,-0.00614272386378723,0.00937949114467429,0.0255242790080015,0.0381162021657442,0.0402827630436882,0.0807893177422461,0.0786180082915688,0.0610141386403562,0.0606856801941564,0.0458424614559405,0.0438325581921433,0.0549719785041471,0.0614948222373108,0.0370774005997312,0.0512346252470905,0.0499856569756041,0.0461196548926477,0.0655086299047341,0.00606509799438548,0.0293919969066128,0.0251194334414233,0.00442437073290414,0.0371383291822802,0.0181219205771814,0.0390904353676245,0.0329173089229826,-0.0249309190018661,0.0348136956028799,0.0139787334205046,0.0278059164869493,0.0473974879435133,0.0859921901210736,0.103691836650921,0.0566315805515032,0.0631202181349515,0.070741366441478,0.0456155835942464
"PRT",182,"Portugal",0.0642101670246582,0.0771064821135568,0.106166160140667,0.0113638030229595,-0.0444496994148569,0.0667257286642329,0.05451287062521,0.027770439066769,0.0548568220995502,0.0448714460687789,0.0160515336679055,0.0211289170121116,-0.00173255061756628,-0.0189788725823874,0.0276875253649695,0.0405752147175171,0.0618604979470589,0.0722193164910028,0.0624172990651424,0.0387448042617571,0.0427549526109399,0.0108358320563919,-0.0206444101584786,0.00960210734742084,0.0419361312847215,0.0344423933509255,0.043067838168529,0.0469596014253639,0.0383220204818375,0.0374515167681064,0.0192502484617485,0.00767980335192142,-0.0093487888554904,0.0177291831444002,0.00778817148901645,0.0161196412584079,0.0247568503102045,0.00318731450230381,-0.0317184887545299,0.0172269310696471,-0.0171070650193013,-0.0414189913767977,-0.00926925129414613,0.00789066994650867,0.0177618259919186,0.0199936100330085,0.0344626812061488,0.0280950123118,0.0221133869139027
"ESP",184,"Spain",0.0454461569764693,0.0783466715864485,0.0750004827255193,0.0546660079691019,0.00540738707013055,0.032503886536924,0.0279902818822038,0.0145240403568128,0.000415398460511085,0.0218468801878711,-0.0013255266909038,0.0123876680756432,0.0175463149555366,0.0176893965098692,0.0229489781753713,0.0320152781370986,0.0539872791228344,0.0496881530413784,0.0471414410705417,0.0371164384065761,0.0251412893483032,0.00924931547153207,-0.0103685236059849,0.0235524879771454,0.0272015599561772,0.0262574894401055,0.036356794402197,0.0429927667670587,0.0439259379645254,0.0511301542619691,0.0385758426073544,0.0269439465233337,0.0293830283497254,0.0307502341752066,0.0358693076426331,0.0402079825471304,0.0354123857808055,0.00883232036925108,-0.0383587123361124,0.00162883617027632,-0.00817709278810774,-0.0300412253003497,-0.0144579220545875,0.0137442155974803,0.0376345868737644,0.0298625774762549,0.0293029680752532,0.0240098656432277,0.0193134573020153
"TUR",186,"Turkey",0.0541840549542503,0.0716320805207982,0.032097163875104,0.0544332823537896,0.0692753792059477,0.0995108508869063,0.0334812737772001,0.0149329601740291,-0.00626453073100741,-0.0247617766058195,0.0474097125977835,0.0350082647822223,0.0484954136665401,0.0649614148960165,0.0415410012242621,0.0678013958350867,0.0906107820640543,0.020981831864388,0.00251334272442527,0.0885172845503721,0.00922232386907496,0.0581206832037484,0.0773501138533899,-0.056101319577964,0.0694441125401219,0.0677083782567873,0.0725885723681454,0.0304502356005774,-0.0331759435168166,0.0670345745192655,-0.0592194571187541,0.0624837548702804,0.0560325006499696,0.0934533001338433,0.0861071696068283,0.0671723931828065,0.0492044439163255,0.00811730620269024,-0.0494335512673505,0.080907980108794,0.106161024815394,0.0467738949802623,0.0814492522106018,0.0482158953475018,0.059065558158899,0.0326906333001613,0.072339296475521,0.0291602757389509,0.00912370134976825
"AUS",193,"Australia",0.0383792308669513,0.0258015212459188,0.0402141742274917,0.013408734783221,0.0255478659434498,0.0353423279043845,0.00892879661764212,0.039638810981721,0.0298912055670808,0.0328327149252807,0.0327424375581717,-0.0224548978219925,0.0447945324885826,0.0511619422545344,0.0395814954350513,0.025191728478001,0.0558450218457303,0.0378849750216226,0.0350872557833224,-0.00398620539838923,0.00411333158116278,0.039508295690398,0.0390658452638508,0.0376593848833515,0.0380525901329154,0.0388989037710505,0.044750463105629,0.0494908354106336,0.0385776408988345,0.0191245378173246,0.0392342166923285,0.0294222101452402,0.0397538198705192,0.0315399931093108,0.0275620633765996,0.0377217385199593,0.0359264223458382,0.0191847002297525,0.0204633872710147,0.0243290982148725,0.03843357090296,0.0255206220167992,0.0250155667823968,0.0216895911153827,0.0273295784222523,0.0227454101797147,0.0290663648660292,0.0213794600112518,-0.00285260235302687
"NZL",196,"New Zealand",0.0371556655048373,0.0499239676459897,0.0751099785933622,0.0582071048524568,-0.0174685748014038,0.00924522478730694,-0.0401589617220868,0.00317554985874402,0.0216812675731113,0.0127611022879783,0.0454959385202294,0.00925814916802636,0.0343257835193747,0.0468168029344813,0.0160176899622062,0.0266984880969137,-0.044068039004463,0.0198421350056961,0.00524543365076369,0.00647545101571012,-0.0165618861092405,0.0125854438744604,0.0632830870676582,0.0508488209894438,0.0447555176075429,0.0330281568341366,0.0296402762603201,0.0106046614954494,0.0506336354259673,0.0226361571993507,0.0372731877732217,0.0493670465022458,0.0444021904430585,0.0321731624022377,0.0326502146996628,0.0254036867658467,0.0369143732578223,-0.0155758964306685,0.0189793300818675,0.00957563576105436,0.0266010202744695,0.0246867948531477,0.0203115909653366,0.0357364938175362,0.0415754221745033,0.0370026670735246,0.0393158628163928,0.0278703641651799,0.0219695945775999
"ZAF",199,"South Africa",0.0418998569875342,0.0164123559339142,0.0447059452161316,0.0593161530419,0.0168116236346751,0.0222505740973737,-0.000941489609688873,0.0296995832991218,0.0372048356467243,0.0641064120011645,0.0522198634281121,-0.003840971312842,-0.0186380806912556,0.0497333330002352,-0.0121883427798597,0.000177738673905026,0.0207902395745645,0.0411423896323839,0.0236662794915041,-0.00318286343056862,-0.0102352743474761,-0.0216021355009364,0.0122607256986029,0.0318290424778187,0.0306814485731177,0.0421653043856054,0.0261234967469299,0.0051604351708594,0.023307502619069,0.0407061521085694,0.026986761322247,0.0360217078119458,0.0290642861479213,0.0445388332185956,0.0514252025493853,0.0545242711363016,0.0522173409145079,0.0314119840367599,-0.0155005764856391,0.0299447614570383,0.0323137962251909,0.0218921267399885,0.0245480261253057,0.018301584469862,0.0118666587176079,0.00398310554182579,0.0140459556841872,0.00783965735821823,0.00152466245687854
"ARG",213,"Argentina",0.0369215647535093,0.0205641190133843,0.0367574728021829,0.0526485486778352,-0.00594814755466899,-0.000111648921922836,0.0618890060441437,-0.0327422037692084,0.0678186804205723,0.0144271013299289,-0.055691898516546,-0.032122922033258,0.0403004450375395,0.0198565010942424,-0.0720986305066873,0.0689999436384507,0.0250125205143128,-0.0197206486120542,-0.0726841748229887,-0.0134765540885429,0.0998095110702195,0.0980746329344147,0.0606404311063748,0.0567227005921396,-0.028865119634677,0.0537935803943483,0.077988784117089,0.0377791032068178,-0.034440891878738,-0.00792113229205427,-0.0450898403469076,-0.115349071178349,0.0846816505186325,0.0864489003954052,0.0848159558956514,0.0773974487154927,0.086247890713814,0.0397708667789463,-0.0610089980340458,0.0964495280167945,0.0583061759247094,-0.0103172950545964,0.0237685459367452,-0.0254472200286067,0.0269453132541031,-0.0210227476570992,0.0263360360414175,-0.0251310495866299,-0.0218669061624084
"BOL",218,"Bolivia",0.049393147332518,0.07665997650005,0.0558051775972537,0.0289718299785022,0.0705611657645608,0.0451127036113412,0.0485159608847336,0.0203190317237247,0.00133256447417907,-0.0138127680456943,0.00920548545135702,-0.0445704741886885,-0.0456527953239085,-0.00603346076624156,-0.00970119666202685,-0.0252241067030461,0.0256809321221994,0.0291607272526679,0.0372037198810737,0.0453027862997395,0.0513061527539413,0.0163518169685997,0.0417800954842029,0.045664989892968,0.0456852713165929,0.0427102307841611,0.0483539510976527,0.0490696275996001,0.0042597922028822,0.0247688300667761,0.0166978106498075,0.0245517278637006,0.0267523957552545,0.0408856009030423,0.0432631963848191,0.0468561787709003,0.0446322750120665,0.059668911060621,0.0330211958888018,0.0404376321970936,0.0507314323335155,0.0499540256670219,0.0657504227627328,0.0531668605548337,0.0474290955100383,0.0417550265547018,0.0410960675910363,0.0413687665739104,0.0219248195073334
"BRA",223,"Brazil",0.107418377526361,0.112792815092496,0.130765048937777,0.0783490149414874,0.0504079162586546,0.0976709934174949,0.048123298211916,0.0485043399766063,0.0654132324923609,0.0882855656685404,-0.0434296705469759,0.00826583595188701,-0.0297378487024762,0.0525924889766785,0.0755618212191518,0.072227728029004,0.0346911974731086,-0.000600159502438302,0.0311108798088533,-0.0444743971061978,0.0102472799243731,-0.00940740486535496,0.0472289039816314,0.0568746913751941,0.0413682677632377,0.0212773006201168,0.0331954515687762,0.000353471926731075,0.00253744205189754,0.0421606247592692,0.0130456397928729,0.0262337361970886,0.0114010017718389,0.0547695005775193,0.0315193001216318,0.0388551412886038,0.0589278139037699,0.0496869200600063,-0.00125899074413915,0.0725832370683115,0.0389746951142822,0.0190295776997473,0.0296056342231843,0.00502684251370233,-0.0361015379055143,-0.0333077109815125,0.0131419836178281,0.0130862131655256,0.0113016788507192
"CHL",228,"Chile",0.0857668806234386,-0.0122058151845419,-0.0572586219168993,0.00969744106853732,-0.138230012677656,0.0345751440986213,0.0940269783320193,0.0789711907266248,0.0795642914185972,0.0764512921810638,0.0602705806063586,-0.146044468750365,-0.0284204236468479,0.0571875828792265,0.0194928323612249,0.0544526031521713,0.0638594750146808,0.0705636401662701,0.100390334479636,0.0363086286382508,0.076682270711574,0.115807920049365,0.0675303032352286,0.0555115084434821,0.10099917668443,0.0715158046237185,0.0639656318437929,0.0317978312974301,-0.00763766015761114,0.0439124066149379,0.0332127297800113,0.0216059398847044,0.0370298046938036,0.0678093818930918,0.0599348534037532,0.0612532705318198,0.0478945941784286,0.0346862913943777,-0.0157725129170867,0.0568042513337446,0.0593131716212199,0.0518192509678208,0.0396529101870353,0.017513162216531,0.0227763267430561,0.0169661338879088,0.0118156685108577,0.0387332353540835,0.0104892335283715
"COL",233,"Colombia",0.0578983512689764,0.0738928503243645,0.0650661254455134,0.0558673984566003,0.0229668324225596,0.0461998960064953,0.0407436959248884,0.0813024713204147,0.0523942745290622,0.0400603641878714,0.0225133750615907,0.00943954349514975,0.0156169759803948,0.0329577359021638,0.0305980094284379,0.0566079177622552,0.0522975635381808,0.0398377496062459,0.0335710164314929,0.0419285539518519,0.0198183475646374,0.0396526257722591,0.0555308338110176,0.0501925448900487,0.0507163294245743,0.0203500713593385,0.033727673722197,0.00568169803660368,-0.0429494555756325,0.0288290681202596,0.0166396915828688,0.0247315473645706,0.038434456464012,0.051956849660348,0.0459915246052276,0.0650090447935305,0.0652089124098012,0.0323069020254749,0.0113319942501349,0.0439658218277419,0.0671715776039186,0.038380241610648,0.0500655881344816,0.044007574716721,0.0291305054649147,0.020658971892626,0.0135020116918501,0.0248421642266354,0.032682095479446
"CRI",238,"Costa Rica",0.0654462959618751,0.0786586454750502,0.0742190166372865,0.0540368768635346,0.0208227566360755,0.0536656420063863,0.0852872705668943,0.0607684399396202,0.0482421215306843,0.00749063149618223,-0.0228544094637382,-0.0756428989420606,0.0281931681597261,0.0772246139167443,0.00717948932231138,0.0538144693710247,0.0465463102394175,0.0338091837849337,0.0551108948827288,0.0349045849570526,0.0223711698590705,0.0879794375715743,0.068476300823427,0.0438949061709426,0.0403883134140646,0.0123022974989802,0.0541560831061059,0.0673006284925126,0.0386758097741051,0.0376153465467066,0.0343093043977074,0.0323873629973903,0.0416741977238217,0.042451731837609,0.0379784128590153,0.0698779448192219,0.0785145654734478,0.0454473187424256,-0.00975288051236589,0.0483316974264234,0.0421690765718772,0.0468542870077489,0.0224365947594141,0.0345496774191378,0.0356734396035208,0.0415832364732527,0.0378755590945445,0.0262560195411616,0.0206244553022614
"DOM",243,"Dominican Rep.",0.103203970549496,0.098891637478113,0.121308973286174,0.0582862974648375,0.0506289854434758,0.0651146394020579,0.0485775336386247,0.0212200521720156,0.044280762392896,0.0767080516474348,0.0418984243439713,0.0168540740402001,0.0452405506226672,0.0124511283538435,-0.0214538726824749,0.0346139369191718,0.0963765271530548,0.0213306047209318,0.0430646225459199,-0.0513132724003693,0.00764075428891076,0.0999640473818371,0.0697377237428576,0.0227706550421054,0.0534816946518344,0.0688850422751166,0.0770005261805373,0.0677582528934124,0.0649943174717809,0.0550241609344919,0.0179309255881623,0.0562683848024204,-0.00253721029658394,0.0130346194908242,0.0885854238417227,0.101393058763191,0.0813464347344119,0.0315907405383786,0.00941702970044211,0.080101083005097,0.0308533170140652,0.0268110507535706,0.0476009322464197,0.0681302011723144,0.0669763691946592,0.0644684277218524,0.0456109210287678,0.0674954037395992,0.0492868297106863
"ECU",248,"Ecuador",0.0610255021844477,0.048958235459688,0.13059544114601,0.106236704676276,0.104109149366984,0.0713639231564809,0.0159210195178119,0.055499173791242,0.036660234269748,0.0364156541380627,0.0546100858862175,0.00612952004994582,-0.00337438770547571,0.0259141304290669,0.0385954039691345,0.0340611148416929,-0.0025941921179502,0.057234910174067,0.0100075818351293,0.03613817574929,0.0420182094689796,0.0209227337636797,0.0195400401383701,0.0417008098182432,0.0222755125131151,0.0171692603904265,0.0423682297185817,0.032143122158466,-0.0485537014241704,0.0108587892103298,0.0393710118610251,0.0401508293321982,0.0268647081238473,0.0789130300008338,0.051560727629365,0.0430928541677069,0.021664635893524,0.0616323867606603,0.00564898850557327,0.0346457376779057,0.0757393880885964,0.0548855201635483,0.0482805824111754,0.0371885501642506,0.000988225036559598,-0.012339694171132,0.0234078033350649,0.012810546667426,0.00053694764687684
"GTM",258,"Guatemala",0.0543344601609697,0.0707664245752433,0.0656269158556952,0.061800724330709,0.0193122182628009,0.0712714190530477,0.0751929502925943,0.0487587287849536,0.0460239539873442,0.0368149423890909,0.00664038964682945,-0.036135585076039,-0.0258568686226059,0.00471737565580632,-0.005908702390645,0.00139547908943705,0.0348261559278349,0.038185505354944,0.0386685279477224,0.0305541076437912,0.0359291938231348,0.0472493878286659,0.0385302599796109,0.039539175953923,0.0483512898209479,0.0290012540175848,0.0420946494844419,0.0465807840914714,0.0406143824884406,0.0354483171917437,0.0230490717997078,0.0379374794889973,0.0249928853941821,0.0310342715801575,0.0320812118344183,0.0523990937408225,0.0611350359122849,0.0322842450200369,0.00524806935580102,0.0282897877923052,0.0407766863395143,0.0292677134974273,0.036306897333942,0.0434806424753358,0.0401065995664069,0.0264257284949174,0.0297863255792628,0.0316430452213279,0.0377389413235125
"HND",268,"Honduras",0.0391726920056872,0.0560239287481838,0.075755188469822,-0.0123522810392025,0.0210829403121515,0.0998516245537004,0.098794081469828,0.095361932360607,0.0455889934781677,0.00666260941679653,0.025016483848983,-0.0140098404954774,-0.00928652905039762,0.0425392413701235,0.041028965355224,0.0072008311481131,0.0585649399698429,0.0450676135939396,0.0423489494658291,0.000968380056781015,0.0320027411703823,0.0547182323624185,0.0604366241996814,-0.0131182815031519,0.0399887398623289,0.0351587085473639,0.0487302620684691,0.0286029862954358,-0.0190761634345051,0.0558901242347662,0.0268658979379932,0.0368579472483681,0.0444709964182124,0.0604538064558202,0.05874614144542,0.0636059901615749,0.060044122044582,0.0414451216617664,-0.0246169106333838,0.0366322275225759,0.0376396041305629,0.0404573011455316,0.027533115568513,0.0301224603162034,0.0376818803937518,0.0381919868502116,0.0472900931814788,0.0363028968468875,0.0261821406616942
"MEX",273,"Mexico",0.0408675208905542,0.0814680717265279,0.0807416439864284,0.0593132509466567,0.0545931574240797,0.0415139075388762,0.0338484451922518,0.0792714029202237,0.0875965518966311,0.07995752069011,0.084286382735959,-0.00709587747959262,-0.0439084868223603,0.0353629291130808,0.027345424323812,-0.0382620017335498,0.0183874103888737,0.0123775161944142,0.0411254903498008,0.0494404672865283,0.0413555354608057,0.0356436391429682,0.034922235910253,0.048228854968654,-0.0649784853229942,0.0655374093224417,0.0662263156080218,0.0503502092918406,0.0271631933221155,0.0482419846676283,-0.00405214398220011,-0.000398522948840352,0.0143602451952631,0.0384568327133259,0.0228158607679347,0.0439697923321205,0.0226558130893864,0.0113708875843077,-0.0543055930017715,0.0499144718483855,0.0359751583273269,0.0357755341386348,0.0134500539746174,0.0276574067727609,0.0323509999419596,0.0286898863034573,0.0209596155261824,0.0211346756867847,-0.00304523400673418
"PAN",283,"Panama",0.091698709107483,0.0451112428237437,0.052652556679659,0.0239715413428438,0.0158500824671055,0.0162189834801776,0.0110996991007273,0.0935369438825955,0.0438788852434353,0.141626768495955,0.0854712494101371,0.0378041022351745,-0.0153542187855358,0.0212987204256034,0.0495313394383157,0.0436640836756013,0.0297849760152591,-0.106905422737288,0.0155017236708073,0.0778771769549778,0.0900144194253496,0.0788266728581917,0.0531212202369549,0.0281028562101948,0.0173650831758589,0.0277182026449765,0.0626506924417143,0.0708632393598911,0.0383600196621288,0.0268540683443437,0.00569996734229861,0.0220441214796931,0.0411972654277477,0.0725260483191867,0.0694446895068364,0.0818357582985136,0.114334185349824,0.093997061571903,0.0123532091765419,0.0566450628443924,0.107181405833478,0.0932974701419873,0.0667558375386346,0.049424362958943,0.0557439268830517,0.0483465839107406,0.0544060216515785,0.0353481375313933,0.0299445172280954
"PRY",288,"Paraguay",0.0554340897847254,0.0648504392670635,0.0723207281866038,0.0815802447478511,0.069527176063545,0.070019857361121,0.103764532117202,0.107509174538031,0.107570728320805,0.108327205288655,0.0835657958736586,-0.00988399372245041,-0.0304588425320684,0.0302770720009082,0.0389280144751503,8.4881973480222e-05,0.0423656037939804,0.0616409528113024,0.0563592316900117,0.0304564171361026,0.0243854078495342,0.0178402230339838,0.0405841162556033,0.0304726966870508,0.052955908769043,0.00415209154849627,0.029424165625052,0.00587894742693251,-0.0150776066838159,-0.0338194292194505,0.0202967028000529,0.140010248365181,0.0423000571307295,0.0397726874241506,0.0211106237439633,0.0469513694335344,0.0527975578128501,0.0616511409031002,-0.00258300601126749,0.105654077577052,0.0416130545680211,-0.00539964840193541,0.080819344293527,0.0474644431955138,0.0303388057920859,0.0422248787530126,0.0483497496383354,0.0330108997638696,0.00223729006350482
"PER",293,"Peru",0.0448830189935325,0.0341843547632461,0.0608780140316068,0.0897204219693002,0.0421094586485378,0.0143673568349385,0.00348450726528782,-0.0267804085977144,0.0400929584136485,0.057734231679996,0.0540339632177815,-0.00222976070351599,-0.10990513700153,0.0354470822471242,0.0204018180679935,0.0900779330017354,0.0928175762565804,-0.0991716308613313,-0.131385623752204,-0.0511097357528811,0.0219499431587238,-0.00541972614099784,0.0511071905722567,0.11607827965695,0.0714959503554446,0.0276051834023647,0.0627571783376677,-0.00392306338205195,0.0148384743612571,0.0265871002106746,0.00615995931321045,0.0531001465050398,0.0408062705819798,0.0483919584613286,0.0609545591701952,0.072589528087029,0.0817494104791106,0.0873381600398737,0.0108986523300487,0.0800346348826171,0.0613508003368466,0.0595863587825747,0.0568764402494608,0.0235423614177268,0.0320047879003855,0.038771734130675,0.0248763822476175,0.03899885406517,0.0212734872819436
"URY",298,"Uruguay",0.00119817775854791,-0.015650240067524,0.00364240339907873,0.0309481246351702,0.0569815723149674,0.0390760746176895,0.0116728413839198,0.0512762247344973,0.059859843131326,0.0582607682748701,0.0188119286979767,-0.0986199147190412,-0.0603116605210889,-0.0109825627583842,0.0146470937387146,0.0848611736570355,0.0763409348060904,-8.70201962044348e-05,0.0127734233176113,0.00911819157677662,0.0313090843917578,0.0871244768342976,0.0257167888369825,0.0703569713604164,-0.0146100312595898,0.054124316412226,0.0481330556101227,0.0441976534613957,-0.0195825954847102,-0.0194874446968818,-0.0391999881374723,-0.0804726705178336,0.00802055910791033,0.0488301406917717,0.0719478248679373,0.040169198746959,0.0633645696804894,0.0693034532857784,0.0415592687938986,0.0751390179996942,0.0503330858197195,0.0347703135562583,0.0453322175525948,0.0318740954321566,0.0037008917374699,0.0167565971183556,0.0255841392265292,0.0160701840220696,0.00221901350854203
"VEN",299,"Venezuela, Rep. Bolivariana de",0.0302484342246014,0.0320546538210227,0.0606758819812345,0.0588684846136669,0.0589068690722758,0.0840742815054547,0.0650585232283234,0.0211580631674551,0.013266682979836,-0.0200851094340351,-0.00302353124763677,0.00679969945858616,-0.0578090657973771,-0.0136314194808556,0.00193117736116832,0.0630719321259097,0.0351900061367001,0.0565823191334083,-0.0895952917326586,0.0626737399318298,0.0928516095964351,0.0588392300798066,0.00275010007588428,-0.0237754671585577,0.0387557878781006,-0.00198027699628511,0.0617620561277441,0.00293542523996315,-0.0615620561852701,0.0362067484369568,0.0333793489079568,-0.0927263897206974,-0.0807243619758573,0.167938602848141,0.0981960794266286,0.0941476922152056,0.083915734591999,0.0514326494794108,-0.0325478907151613,-0.0149995970671419,0.0409164302065204,0.0547333257263247,0.0133419061884066,-0.0397227465167571,-0.0642331658734481,-0.186815728175434,-0.170449123859003,-0.21842289324656,-0.430782960388953
"BRB",316,"Barbados",0.0383811040878594,0.0126575174586598,0.0133180135051383,-0.0476247123434614,0.0392701819667556,0.0426783291836665,0.0357744686549841,0.0476174685967976,0.0759699198734003,0.0428014724592733,-0.0194761658369602,-0.0505711605280101,0.00506742195663357,0.0348986271336154,0.0107322124614679,0.0497035266204966,0.0253116632902071,0.0339605787019241,0.0353781157854502,-0.0335564179184766,-0.0399170382963909,-0.0724067114283002,0.012144537673735,0.0371486984097755,0.0200306019001646,0.0388963700510434,0.0463123044797218,0.036721998277895,0.00325346665132109,0.0435675940304954,-0.0239581762385139,0.007880134999807,0.0214802633862661,0.0139695547222196,0.0388838961724769,0.0551374595172192,0.0217802775236038,0.00695238214003169,-0.0520916228714778,-0.0231383134569487,-0.00675568061171994,-0.00450657898696605,-0.0142145164986225,-0.00126492315400561,0.0241703417510539,0.024549541151746,0.00476379439355235,-0.00584711911190006,-0.000961734610868348
"JAM",343,"Jamaica",0.0297157573168505,0.0875771929740914,0.0126773820581558,-0.0396355997593503,-0.00306153634989847,-0.0667521726176297,-0.0240758039553057,0.00542869039041172,-0.0185890434777232,-0.0589733736428055,0.0252673001372585,0.0121874833052544,0.0226004003531521,-0.00858420552097172,-0.0475418931285212,0.0166891749068867,0.0743748131922128,0.0284438163258365,0.0661498681678925,0.0531437411994453,0.00870322151861025,0.098314201740541,0.0194827520712071,0.00888017115318718,0.0102402177710683,0.00313223940859508,-0.0098917438100159,-0.0123400947296037,0.00983893961901749,0.0068901448880645,0.0127269419807732,0.00672609363456722,0.0360071077749069,0.0131514549396758,0.00889824009156293,0.0285780577787129,0.0143387272151596,-0.00814998808875345,-0.0444264307518072,-0.0146778482150047,0.0171551106634436,-0.00615497483877903,0.00516363616885052,0.00687453355815038,0.0091727096378289,0.0136585552550912,0.00992180065010118,0.0187229686349379,0.00888325359621511
"TTO",369,"Trinidad and Tobago",0.010287496086768,0.056188067775043,0.0163706370250409,0.0373669285097762,0.0144581450752916,0.0623431226343953,0.0870113642156163,0.095559883359229,0.0355648000946367,0.0985906887295975,0.0448313843692816,0.0373298380983904,-0.108819793862645,-0.0592254430743591,-0.0420984623467646,-0.0333655543633711,-0.0466724996097181,-0.0399955804094976,-0.0082701071966973,0.014924226286583,0.0264839044989653,-0.016615874868668,-0.0145897619034798,0.0350011286666785,0.0388044082105861,0.0680621839006808,0.0741061020098108,0.0784055544257125,0.0767688686861714,0.0667484560699947,0.0408881683408211,0.0763171050314675,0.134889569100586,0.076498743770701,0.0602461860305024,0.126759210137735,0.0437391662468318,0.0333549124783676,-0.0449107946430694,0.032687128517944,-0.00293941287990584,0.0128494469100637,0.022045155866369,-0.00916695266770162,0.0147263111254734,-0.0576466843103489,-0.0303258599367044,0.000659744574289078,-0.0125429926547227
"CYP",423,"Cyprus",0.121914273449612,0.0667623232669587,0.025184200836124,-0.185296703525111,-0.210815594924672,0.165285438900106,0.146464780014679,0.0736606786318159,0.0941407255943165,0.0575143983180695,0.0300539901821271,0.0610148997122284,0.0518214405349298,0.0845574608775905,0.0458626587229425,0.037380044546321,0.0682032075519459,0.0794021463400316,0.0777735274799447,0.074619722368622,0.00672425076660588,0.0901181650645881,0.00697480243421822,0.0561682983603511,0.0946186299069698,0.0124021675760559,0.0260690549308897,0.0593124235302049,0.0487731843507273,0.0579434829609671,0.0387647289478057,0.0365481362997002,0.025897602627948,0.0490408364358572,0.0473883421070518,0.0460633796169478,0.0497192832653131,0.0358231103615854,-0.0203625138656047,0.0199504239553008,0.0040054140010799,-0.0350757582232575,-0.0677798323722651,-0.0188131037150328,0.0331946706680188,0.0652852473790997,0.042686580920531,0.0397689974636517,0.031789745086293
"IRN",429,"Iran, Islamic Rep. of",0.128407061242278,0.135396048336222,0.0717779938220158,0.0563902988064431,-0.00326742351690257,0.167719001202904,-0.0281276918563726,-0.137434598141317,-0.128069281367214,-0.243341698391845,-0.0586549381448798,0.20840546580343,0.105140976179998,-0.074075590505041,0.0185040907566751,-0.102973385272598,-0.00172253968723801,-0.0627481050270884,0.0595145753386692,0.127468589452562,0.119702531260934,0.0324476174908703,-0.0148193287481746,-0.0171287042000561,0.0237267054271584,0.0783622215086162,0.0201873575919986,0.0190640536287852,0.0312096539878528,0.0400556027345527,0.0198957775884523,0.0769322800547414,0.0807099381635439,0.0330229843004588,0.0313999191997425,0.0487882205551831,0.0784023543544627,0.00250551675556387,0.0100233534525174,0.0563608651091769,0.0261132027869415,-0.0773623019585976,-0.00194267364779499,0.045006154113592,-0.0132945318375395,0.12571812058358,0.0368640503222704,-0.0557137538359687,-0.067317429184353
"ISR",436,"Israel",0.10391919137688,0.114636399323686,0.0543694266078276,0.0627508932908842,0.031913454133548,0.00321989376122644,0.0102997368675375,0.0540628289914924,0.0602275158701708,0.0165663398231377,0.0520223528930952,0.0206111373388449,0.0330392335279051,0.00928889686356982,0.0395757984734839,0.0410473878685806,0.068963504824076,0.0286846990084371,0.00573104981242345,0.0706000786868177,0.0744218512925929,0.0747295731808553,0.040342686579022,0.0716492557868875,0.0836318802449227,0.0489286327678915,0.0397830121111333,0.041375180896555,0.0355800830786865,0.0847544058463932,0.00157920704549319,-0.00176367023597379,0.0109838534343698,0.0478108938112687,0.0406013612846756,0.0561773336457883,0.0588640943107706,0.0328006382277994,0.0102008966366487,0.0542616069008179,0.0476342752234036,0.0234230818587449,0.0418065942203985,0.037084364415735,0.0228586054577615,0.0390469031575424,0.035122547765889,0.0338330205851189,0.0344322739474077
"JOR",439,"Jordan",0.00922617002307646,0.0555698508276379,-0.0684069619563967,0,-0.00830315194115094,0.132097330843738,0.0797203433810285,0.136971616008926,0.188990128022086,0.106023931161953,0.158530169173574,0.0679009926554119,-0.022447483360585,0.0420215746733881,-0.0274427033274716,0.053584733780168,0.0229669397609662,0.0145158847111517,-0.113495954219434,-0.00276287327506175,0.0159572720983086,0.134091833476413,0.0438276960922153,0.0486640758177348,0.0600251185868057,0.0206175334294514,0.0325986853310614,0.0296761990858361,0.0333344852457422,0.0415801021498456,0.0513573900803159,0.0562272697593542,0.040774277775828,0.0821991455701845,0.0783176399044549,0.0778214320244963,0.0785904211540078,0.0697166918052901,0.0490215649974477,0.0228803538244993,0.0269913017370129,0.0240135135010551,0.0257806852117586,0.0332857970612412,0.0246439759835333,0.0197531223302043,0.0206510795143604,0.0191480456346103,0.0193540943429458
"EGY",469,"Egypt, Arab Rep. of",0.0338303502075821,0.0378236074817941,0.00702764537063594,0.0245511443800073,0.049628095751169,0.128463523121075,0.0749774737690903,0.0762062427564807,0.0979596510383729,0.0948643224364449,0.0368726594563107,0.0944659758787854,0.145519449433905,0.0971236297859868,0.0653344754980054,0.0197387624221115,0.0756712142587137,0.0516501826541713,0.056530458539811,0.0565295025429506,0.0520356103621697,0.0645080419847659,0.0284204428732355,0.0387206793714689,0.0445686794853586,0.0499100297283537,0.053456732606179,0.0394521438747457,0.0593051539938898,0.0524340526054239,0.0346341577217135,0.0313582212540915,0.0314343606489391,0.0401042447722482,0.0437458856591597,0.0661997712439124,0.0684792135793639,0.0691174483898589,0.0456792849540317,0.0501900942122155,0.0174929228149825,0.0220178677084704,0.0216175471286206,0.0287420231349369,0.042791957644301,0.0425470071799374,0.0409630087984549,0.0517772497304669,0.0540874358269772
"LKA",524,"Sri Lanka",0.00518031374461714,0.0312057249525974,0.0346617818811463,0.0387486464749127,0.0333903105767597,0.0371718679526758,0.0402263550316757,0.0831185747352929,0.0589045338367065,0.0597820027384177,0.0539939761906005,0.0505567485935341,0.0464320784761387,0.0492797259466116,0.0489491103156539,0.0418493030990916,0.016086341717358,0.0274113316834583,0.019549853291899,0.0605239534104243,0.0470835286561719,0.042857972016348,0.0668696204651429,0.0549539203829692,0.0538191464597588,0.0368841840777669,0.06246587725186,0.0464000851502497,0.0418578414327868,0.0580720741875389,-0.0137884266901995,0.0394146025785354,0.0577051873448173,0.0530198816027969,0.0605469739113076,0.0738850102532762,0.0657579831649144,0.0577979951633729,0.0347774345335594,0.0771086616065961,0.0807016170515489,0.0875032634658641,0.0333933331934908,0.0484158472292702,0.0488633136880239,0.0438889874736947,0.035156402958977,0.0325293992739368,0.0225778487237367
"HKG",532,"China, P.R.: Hong Kong",0.0703933546076225,0.10085560801102,0.115821309610592,0.0238638438929648,0.00490806390691212,0.149833026409562,0.11087576669107,0.0793738299694624,0.109363618368599,0.0962934846196717,0.0885673418634703,0.0290714249099455,0.0580517942025267,0.0950718351318827,0.00754171160252426,0.104865283738166,0.125738056845202,0.0816866555928488,0.02251405407155,0.0375899546120682,0.0554531044212467,0.0604825964281108,0.0601652272467721,0.0586086753913317,0.023460914405506,0.0417035390465905,0.0497398152864417,-0.0606278539430996,0.0247580952472557,0.0738411106418173,0.00559249727023747,0.0164316741637851,0.0301051952172067,0.0834213575235605,0.0712804006026193,0.0679638913200531,0.0626446990943847,0.0210557739094579,-0.0248981841155178,0.0654851437575008,0.0470233269170741,0.0168598474161143,0.0305442697238689,0.027250019638684,0.0235972397968212,0.0214622879738577,0.0372093941794169,0.0280767503267771,-0.0125736275211477
"IND",534,"India",0.0162956286737739,-0.00554827662972635,0.032423864849207,0.0117835618490982,0.0875521608129208,0.0164942042041574,0.0700368185868037,0.0555532076893677,-0.0538035650263318,0.0651865949944543,0.0583274173091475,0.0341669778326903,0.0703548826372167,0.0374956619231401,0.0512090717628819,0.0466599982595426,0.0388874678479958,0.0919207115357956,0.0577719426933214,0.0538578088073454,0.0105129092304903,0.0533739191505962,0.0464137206622048,0.0644659465578652,0.0730134330862153,0.0727811378961629,0.039699568536987,0.0600072798483087,0.0847615716199268,0.0376906262756922,0.0471122717983885,0.0373340698181135,0.0756674815332552,0.0762472466893183,0.0762517752589602,0.0775232722742754,0.0738155180851638,0.0304002077702972,0.0756813178613065,0.0815577531690792,0.0510857654004369,0.0531271661239607,0.0619048802080666,0.0714853084803035,0.0769262842685681,0.0793314267687535,0.0680681202220459,0.0593963857903397,0.0414155773794356
"IDN",536,"Indonesia",0.0677056161626055,0.0899676412608414,0.107122548037836,0.0736319694855965,0.0486001667296243,0.0665349021069659,0.0840337023705935,0.0755321280554284,0.060630810856825,0.0941915806342077,0.0763374669486154,0.0221501775953516,0.0841122716488929,0.0674224808416,0.0243291622783079,0.0570938450071399,0.0480809966064335,0.0561899425124803,0.0869537541265508,0.0861970691514671,0.0855165932503823,0.0697172018968892,0.0700263285251967,0.0726923497510601,0.0789973790085412,0.0752746120661119,0.045925453282047,-0.140717460211668,0.00787855756114197,0.048030201178948,0.0357866470577424,0.0440118323751815,0.0466962384993188,0.0490841850786374,0.0553644101500108,0.0535498931701177,0.0615184013048093,0.0583983093102507,0.0452493264353908,0.0603784942541985,0.05986932435796,0.0585523638721881,0.0540833514489094,0.0488536856174839,0.0476115994562232,0.0491050186030755,0.0494546611792295,0.0504051387804481,0.0490254457200177
"KOR",542,"Korea, Rep. of",0.100257135906739,0.0696600959622149,0.13887736802482,0.0908623378557127,0.0754779259020566,0.12417544179074,0.11632395514218,0.103936483468026,0.0831567823616055,-0.0165937852779106,0.0699568045401211,0.0800864041984877,0.12554119964352,0.100312555396158,0.075467883258634,0.107303876813843,0.119769500425907,0.113218971779682,0.0683397562467505,0.0941963107922259,0.102358586504923,0.0601411698799001,0.0665128652889102,0.0886394119435856,0.0918000851539329,0.0759485299228562,0.0598766320970689,-0.0526568141062267,0.108557871871206,0.0867356108500346,0.0473834975964316,0.0744127572123521,0.0309878578508496,0.0506682032331067,0.0421831835801552,0.0513044199252413,0.0563759936209944,0.0296849169939257,0.00789568947784325,0.0658329499389119,0.0361937351644332,0.0237412038758151,0.0311566578172382,0.0315224164223853,0.0277037598382019,0.0290429413206024,0.0311073670828179,0.0286595273728896,0.020188332770056
"MYS",548,"Malaysia",0.206458055099915,0.0897350164848856,0.110656257749433,0.0799072642352581,0.00797873886338785,0.109423675403461,0.0746720056930563,0.0644188121863394,0.0893752584561227,0.0718017317681898,0.0671160400451818,0.0580286913518471,0.0603097604633831,0.0747541952439583,-0.0108131238020608,0.0109690292311022,0.0525020398116176,0.0843269673363718,0.0878303145251973,0.0862662101030924,0.0911694580891194,0.0851232145103591,0.0943546255645167,0.0881211430604569,0.0937552794624725,0.0953346570844058,0.0706704765985098,-0.076442942229237,0.0595662829896444,0.0848821103952719,0.00516334362168536,0.0525069800175348,0.0562715599801535,0.0656326755941326,0.0519483826783436,0.0543447494362876,0.0610837153132966,0.047186643896902,-0.0152510244371964,0.0716213033072535,0.0515854923409353,0.0532890341072854,0.0458690076548116,0.0583323447780995,0.0496615159055303,0.0435362347633905,0.0565005702366328,0.046596802353605,0.0421278114291148
"PHL",566,"Philippines",0.05286399046234,0.0530387437308217,0.0854345161130379,0.0349701713397437,0.0541655682355238,0.0843871571585737,0.054509992449395,0.0504262570786214,0.0548710378844568,0.0502056396562232,0.033659695298434,0.035553687082194,0.0185726570040874,-0.0760572890833231,-0.0758730111488877,0.0335971022357686,0.0422128266705304,0.0653431962747391,0.0602039683191347,0.0299176341457308,-0.00580017396861265,0.00337039519874871,0.0209421911970971,0.0429409542399259,0.0457254616583267,0.056813763556864,0.0505540193713667,-0.00578400480043584,0.0303538507817755,0.0431670181075301,0.028528980794345,0.0358100668661798,0.0485080225657359,0.0648286484354852,0.046670462487338,0.0511013597128152,0.0640696094141067,0.0406884964948464,0.0114178636149003,0.0735503621275377,0.0359436014435488,0.064699426688664,0.0682568293132775,0.0596386122096106,0.0588966040989991,0.0665744435653117,0.0646406438378424,0.0605656897214928,0.0573766397514621
"SGP",576,"Singapore",0.117016175097463,0.125006125267761,0.100773735406342,0.0593776248130133,0.0390446381871339,0.0717361898983278,0.0662809522884782,0.0748967621115195,0.0912491168261003,0.0963387773009785,0.102702188685754,0.0686125772102706,0.0820831165554949,0.0842711296257495,-0.00624795092936026,0.0133393311481136,0.102536526267484,0.106733342999563,0.0967508993398685,0.0936820944777654,0.0647432723213086,0.0642855144347028,0.108520478886488,0.105239347450102,0.0695345433247496,0.0720544349903598,0.0799188458764633,-0.0221984017266408,0.0556617996631807,0.0865368165113996,-0.0107477077558649,0.0383993264082694,0.0443592509272683,0.0936686789387213,0.0710085073635298,0.0862248421103597,0.0863807709268052,0.0185100576047752,0.00120910821085118,0.13562856621286,0.0614512780277483,0.0436494552560145,0.0472394231926607,0.038624355223833,0.0294473932511412,0.0319198111674073,0.0424521177152144,0.0338032125855285,0.0073063165463072
"THA",578,"Thailand",0.048430980512757,0.039921854628302,0.0940339458646839,0.0426124389622995,0.0473240188826924,0.0896160082406716,0.0943893253129602,0.0992915888132693,0.0517690546626799,0.0467391855717008,0.0573899026451112,0.052140155196545,0.0543386226214118,0.0559306413003942,0.0454248809229654,0.0538613670887536,0.0909273480501174,0.124764143665729,0.115055551389652,0.105646133419002,0.0808557383847361,0.0884722606251316,0.083351988512268,0.0769340332103763,0.0780739765807184,0.0549802573477098,-0.0279221413858259,-0.0794111006802449,0.0447081055456007,0.0435893871513624,0.0338620142446153,0.0596737148529431,0.0694254168945729,0.0609950625574207,0.0410233665583863,0.0484834162439096,0.0529260631415127,0.0171096559063511,-0.00692996652266942,0.0724450463601762,0.00836642698604351,0.0699251542731893,0.0265201731756104,0.0097960506644732,0.0308579755965326,0.0330139663010112,0.0394521715618961,0.0404625556800084,0.0234416988920145
"BWA",616,"Botswana",0.229690869329967,0.233980211061097,0.193122916841832,0.0843209237815881,0.0810844447052617,0.101178065181198,0.100721778139618,0.110313420638654,0.133537552731294,0.115278523493506,0.111026373499397,0.080994703042558,0.112420344219153,0.127595004918346,0.088275708077532,0.0708059051713548,0.0790396705386982,0.115319076823161,0.287228176794999,0.0688422231919876,0.0716134101933861,0.0295691087574106,0.0189797438711707,0.0356560622269448,0.0679427980119236,0.0566619114807754,0.0772068507417885,0.0071939900445237,0.0922804758371001,0.0196820792807095,0.00250289700290374,0.0589242868224353,0.0452214607226402,0.0266982484563556,0.0445579317570601,0.0803252940756654,0.0795213159046551,0.0605813497067551,-0.079609936712842,0.0821656125867225,0.0587253961441974,0.0435973378604047,0.107448233372422,0.0406557808549461,-0.0171254581829654,0.0421373837522889,0.0286261934474545,0.0438143186198285,0.0292297980914
"CMR",622,"Cameroon",0.0282280220707314,0.0292468117924827,0.0469679898435782,0.0343146303833013,0.0374292148099826,-0.0565188412396473,0.128743690693641,0.198875532975443,0.0586001656470767,0.112775434000582,0.0703734751886156,0.0718397310718952,0.0806852147102433,0.0773856271308446,0.0232458823615254,-0.0539978884684658,-0.0576712906976802,-0.0384662489146521,-0.0319664810840106,-0.0635908166751378,-0.0383672199012661,-0.030976348255102,-0.0320904381398215,0.0210171823849823,0.0341094640663417,0.0426862830307222,0.0509901642093542,0.0440389975315423,0.0420252304167068,0.0349162024022363,0.0427535985299574,0.0414988074502922,0.0446596659701974,0.0656104235770165,0.0200047150266194,0.0339923499059349,0.047858321551054,0.0342932080759333,0.021748441533294,0.0336524761774069,0.0404628549496628,0.0444308760230125,0.0526328506277416,0.0571745681394873,0.0549754872491004,0.0454367220517238,0.0348756209937555,0.0398213290486886,0.0378263529018295
"GAB",646,"Gabon",0.097659706529738,0.107391524998015,0.0969669784984841,0.332801976396349,0.17554989008071,0.304725722571934,-0.134469731306647,-0.275084578061172,0.00473290770194801,0.0252088646617885,0.0496975467359455,-0.0314649126293709,0.0545661700084032,0.0724033447699615,-0.0236059813091121,-0.00806828566535422,-0.18809087971243,0.120848406698745,0.0819973912781453,0.0506193590552275,0.0593295607732358,-0.0313889188657157,0.0235921519412816,0.0533312728767115,0.0485389967697785,0.0356109620118783,0.0557976293029494,0.0291470150296487,-0.112249704518016,-0.0132460037624718,0.0232621301767981,-0.0181175978235721,0.0246270007879303,0.00791273472024834,0.0108835528887976,-0.0317341515224534,0.061398326356974,-0.0351553230244708,-0.00117133739339081,0.0684828130880675,0.0685182387784966,0.051190724215548,0.0548566739061354,0.042240472877765,0.0380625497890783,0.0206930762070776,0.00493376006393831,0.012283204298285,0.035847963906301
"CIV",662,"C",0.0903670641889835,0.0414737009344108,0.0576929001695508,0.0423679005652939,0.0792980206207492,0.113282336236038,0.0459284561657523,0.094399713947654,0.0188212361119096,-0.116044488156213,0.0344011353991291,0.00200694058744766,-0.0397779908912472,-0.0273811726665993,0.0440227606565387,0.0320662601166166,-0.00347387313429159,0.0110116522714687,0.1123447123885,-0.0123804756624608,0.000565972595639508,-0.00624459343633177,-0.00399434213092675,0.0212141743246583,0.0681529960067611,0.0652735200068726,0.0552611030800989,0.0500164650293904,0.0192462886632914,-0.0209007921381126,0.00121309982744044,-0.016817433017069,-0.0136882061218841,0.0122419750211922,0.0170662265653654,0.0150446693484039,0.0174963348870012,0.0251972896882329,0.0319971163437476,0.0739303608761084,0.011061721654043,0.150189453277894,0.142747202485952,0.1380140825053,0.138689765523928,0.0693417332482014,0.0710217487860003,0.0666328385641393,0.0604529473762483
"KEN",664,"Kenya",0.0629838707955503,0.0490466292387683,0.0507224489019755,0.047860196344347,-0.00372901037507667,0.0394761604501479,0.0878090348022305,0.0860973661485218,0.0368704224252436,0.054407430452347,0.0369576630524353,0.0362097669806545,0.013563319488803,0.0175272120128938,0.0418584773347686,0.069221951210249,0.0575423081112376,0.0601310594373956,0.0458816314712962,0.0412576987732045,0.0139778531801724,-0.00796346313027385,0.00359146925054787,0.0259499613173766,0.0431093810454062,0.0406136958192977,0.00269961875733138,0.0330057906823864,0.0208282962852273,0.00496403528581624,0.0437026036647818,0.00570135486137957,0.0286385173114496,0.0497765045457115,0.0574411592447852,0.0613382080143285,0.0662630651682914,0.00232199712198344,0.0325336872630881,0.0806573208774726,0.0593211831947364,0.0445426759772669,0.0572029289667668,0.0521453148112574,0.0556499083121462,0.0571262352155752,0.0469379946515538,0.0612687605042357,0.0522672506781827
"MUS",684,"Mauritius",0.0437444874480679,0.0772652513681118,0.111806829143525,0.0771757282100385,0.0125100063797312,0.199909004395419,0.0634218719130182,0.0375924705689226,0.0345610823202733,-0.106041338435466,0.0571584918390258,0.053512957685987,0.00383069115686219,0.04664347259469,0.0665030620523073,0.0929622123924325,0.0967924658884218,0.0655427229086687,0.0445950480659434,0.0690612847583196,0.0404432663769754,0.0602259388243365,0.0491027683550342,0.0415108079163584,0.0432212127481186,0.0500775282784272,0.0564591178051206,0.0589589214120352,0.025762470875824,0.0788382390009481,0.0329304977781586,0.016827138288777,0.0567528750159081,0.0423912288941839,0.0176265610653665,0.0475065795614906,0.0556911420428907,0.0524706955737919,0.0326121262318804,0.042840520216112,0.03996512715484,0.034363872606713,0.0330512725087289,0.0367639225082073,0.0349138939065003,0.0376613316370591,0.0374302412226921,0.0369106043773986,0.0348919535601127
"MAR",686,"Morocco",0.0400153622618813,0.0384756464059119,0.0352066445683921,0.0543099708389807,0.0728589978814131,0.10259462593976,0.0587253103100274,0.0222194223280177,0.046888760914813,0.0413895092953549,-0.0280591072582066,0.0918466228269672,-0.00558736662188863,0.0423845196564159,0.0613064039769569,0.0779300315238061,-0.0251627315234746,0.10021834186672,0.0245220249481104,0.0380998641494905,0.0671837890251723,-0.0411537691585249,-0.0101769047382856,0.0985597101882405,-0.0680587976634754,0.115266461130485,-0.0225307205213401,0.0739464539268777,0.00528018992877755,0.0158001620599126,0.0728038302815204,0.0326223899577052,0.0612547002919044,0.0469013481636154,0.0293502713880827,0.0747349632687691,0.0266985158240605,0.0575448432615762,0.0858705078295579,0.0389151862123125,0.0608363871621922,0.0227217460943745,0.0480423723521852,0.03933308192995,0.0481362872617339,0.0316085536750084,0.0563355135795245,0.0373826184638713,0.0353535433478989
"MOZ",688,"Mozambique, Rep. of",0.0721719045798004,0.0476541468420084,0.0450889423048331,0.0607151703447766,0.0206184415945376,0.0546568916242567,-0.00180109200846523,0.0106802192059785,0.0302853040599995,0.0414099142228128,0.0127390305663262,-0.0387144482028443,-0.141078736929451,0.0298531528429571,-0.0923734424415397,0.0160003473915662,0.0465199422070164,0.0444518691239555,0.062974784581586,0.0099502184417144,0.0478373094222224,-0.0632029574941022,0.100736599783968,0.0632882604066651,0.0223461318555511,0.10618276049372,0.107068629600349,0.0946851362002334,0.110633330169703,0.011733871872039,0.114104000514478,0.0888443595463535,0.0665227765378997,0.0761867397485769,0.0643439286314411,0.0925278519426893,0.074455582945097,0.0706239450720521,0.0612663111928526,0.0629968436107582,0.0715518452711699,0.0700710764322032,0.0673183980366563,0.0713762044108801,0.065069119265365,0.0375289944163839,0.03673032697656,0.0338585161917617,0.0225789711039841
"NER",692,"Niger",0.0552390802545606,-0.0530451596502157,-0.186902961300566,0.0841135339348149,-0.0283294210721667,0.00675907403054943,0.0747789230552627,0.126391246992952,0.0690315628585427,-0.0225775020408072,0.00607081134640097,0.0161006179720093,-0.0486751004127655,-0.18422754349376,0.0743887121577735,-0.0185878281288527,-0.0138750623057398,0.0591852097954497,-0.00726903258168932,-0.00768285236959088,0.00362061734394281,0.00207741866431199,0.00925935373860476,0.0263862204260317,0.0323176858133714,0.0496397299165725,0.00494927957909752,0.119665526195257,0.00988904862370887,-0.0261749441241932,0.0724869456257569,0.0514246790374653,0.0334292985096578,-0.00824907495658955,0.0715848481972401,0.0561561268352833,0.0309803354723659,0.0915552885818478,-0.00715229088586433,0.0803741261837239,0.022527170052653,0.111986882798995,0.0513429922609081,0.072590896438598,0.0424618467654572,0.0553263905539421,0.0487704207935238,0.0677014126335287,0.0566505368927785
"NGA",694,"Nigeria",0.133109825995062,0.0693857121594839,0.0592781065829495,0.102605986585983,0.00695036208278488,0.068622398564175,0.0794459023044816,-0.0294162500354371,-0.0279506787477857,0.021926307048993,-0.00905164421916638,-0.0704588308548324,-0.115681152967488,-0.0112190073271208,0.0574480779074271,0.000609303472437261,0.0314999262137636,0.0707754242418552,0.0190120309248965,0.111334472580731,0.00357705991375745,0.0452716975917742,-0.0205611746647651,-0.0183159689651102,-0.000726839738886653,0.0411027854380936,0.0289479915255537,0.0254849708359988,0.00582430488696417,0.048941896037908,0.0574920518219919,0.142619965449164,0.0708983441615985,0.0884736675319768,0.0623973676076801,0.0588294436160712,0.0638300747689922,0.0654550239624498,0.0773028937654541,0.077013362121555,0.0517184648662958,0.0414304574642372,0.0645822631859136,0.0611865251244055,0.0261811680927782,-0.0163007405773801,0.00811241734505153,0.0191015522682019,0.021701524455807
"ZWE",698,"Zimbabwe",0.0841447568163591,0.0811757188154925,0.0296435152006751,0.0248152789894522,0.00914914008623491,-0.00792444821225224,-0.0644569183147325,-0.0217759029884217,0.0373202134094477,0.100496579047546,0.118008957456112,0.0260020363867461,0.0157286105264216,-0.0192577801416505,0.067139439038769,0.0210641488112024,0.0110441828505436,0.0728157514880614,0.0508453916721443,0.06750188231997,0.0537538099697379,-0.0729182901787144,0.0208844321933963,0.056389126742431,0.00162302337888143,0.0928887733567993,0.0141575593594148,0.00491023630123877,-0.03663475607644,-0.0852168427151643,-0.00193746389275162,-0.0612283338411537,-0.077548957750647,-0.0371053376119246,-0.0414789739606807,-0.0369131773715079,-0.0332185092156259,-0.0485761171844388,0.467077450522979,0.179612350203078,0.132727723752211,0.154140073168776,0.0196996436369243,0.0234911784568084,0.0176421837478244,0.00753027533135686,0.0459674391082849,0.047166722545672,-0.084469213766468
"RWA",714,"Rwanda",0.0119974251404908,0.00264674550330835,0.0337840058995962,0.00805942096345724,-0.0213648724833684,0.178184577951565,0.050428156728012,0.0936742800349109,0.089620108037332,0.0857335694001282,0.0529358927773895,0.0179465748827656,0.0580593815556298,-0.0433457631488725,0.0431155198774071,0.0440912165006093,0.00137622661063652,0.00038500762202176,0.0319824725839588,-0.0242855414888705,-0.0372065327208357,0.0643492258608909,-0.0902259896719517,-0.669672271320673,0.289100682917393,0.181402255474904,0.176660326461226,0.130722054850077,0.105381574573219,0.0804523219227349,0.0814852630893146,0.123805552895769,0.0219550827566337,0.0717658347895309,0.0896311594176709,0.0880962456728867,0.0737711001291288,0.105772628015412,0.0604883094338184,0.0707514375923086,0.0766749262352988,0.0828919759760893,0.0460629328388897,0.0599038928475508,0.0848397472095588,0.0580012799460121,0.0389607565736458,0.0822997320829,0.0901387788363834
"SEN",722,"Senegal",-0.00123265015517227,0.0619296743322852,-0.0574993541935918,0.041136180353968,0.0727097629263227,0.0854394801411011,-0.027331871689233,-0.0644833286260837,0.0920164124362071,-0.0334725453289391,-0.0119344444434333,0.142712945544334,0.021545400284122,-0.0408677017251815,0.0370991897390969,0.0445372061462788,0.0391715109245006,0.0493308506704047,-0.0141472474394018,0.0382989269937379,-0.0039737684571417,0.0218938207915915,-0.0224339401094209,0.0282929041567019,0.0461768890935179,0.0508920773797144,0.0307622954595104,0.0573123994569666,0.105472525744046,-0.0124453139331191,0.0447909152281518,0.00652665757650794,0.0645776618678386,0.057165159103576,0.0547022336991763,0.0243176584293039,0.0482041224902297,0.0361633904644663,0.0239428107077639,0.0409438574428567,0.017457935065627,0.0392786388345172,0.0378581334462122,0.0399433850696997,0.0617235346045124,0.0617520309401414,0.0713316580622365,0.0616857985236727,0.0508597225640397
"NAM",728,"Namibia",0.0511174688554803,0.0195969804796583,0.0386404799317557,0.068880459350428,0.0222185078832009,0.0145764262852133,0.000404719085498328,0.0282242372523687,0.0372558589452527,0.0643904305817937,0.00966757437388921,-0.0039888097554428,-0.0184028119037638,-0.00237167321091825,0.00463091761904622,0.0465712829406968,0.0349207349230145,0.00809863031047797,0.0184161897110329,0.020267802181495,0.0784932481903837,0.0694266769823404,-0.0159214530658662,0.0171509412481914,0.0382491678564651,0.0314145477882644,0.0413347646026168,0.0323857451148939,0.0331377315250965,0.0343258519382079,0.0117106252515562,0.046775388838153,0.0415238573952603,0.115732374491342,0.0249780658689449,0.0683423296586376,0.052346132771083,0.0261530962505674,0.00295537111587407,0.0586391395377905,0.0496596309213491,0.0493774797949058,0.0546275125248012,0.0559813293976532,0.044272963438841,-0.00281101044188148,-0.0025660633886222,0.00695936802302199,-0.0114056422912334
"TZA",738,"Tanzania, United Rep. of",0.0409469738614803,0.0650773916991625,0.0301078465295905,0.0246926070197304,0.0574109092250197,0.061898286099078,0.00401022437350562,0.0120254042861401,0.0329482137042643,0.0294661429494543,-0.00505132079329584,0.00590496878741043,-0.0240507359540132,0.0332662284043828,0.0448854322178001,0.0187384813931502,0.0481289202534487,0.0397976959749204,0.0391480306883345,0.0436768338513751,0.0554496704565093,0.0346668458801389,0.0408366600108181,0.029882358846681,0.0350280054300462,0.0411163989112335,0.0326363788704533,0.0364930939133874,0.0472695985052027,0.0481593445455228,0.0582485344428409,0.0691861859045808,0.0665947189940521,0.0753697422019037,0.0711095821854855,0.0455523226511811,0.0812515961787792,0.0541717476002272,0.0524250707215561,0.0616487782173571,0.076076568804778,0.0501322086460885,0.0656152789258702,0.0651551674682942,0.0597831954637851,0.0664159032951073,0.0655341263548959,0.0672062865602445,0.067452576439031
"TUN",744,"Tunisia",0.0951667866927632,0.163373374821587,-0.00648462385354165,0.0774428981831274,0.0690277184370984,0.0760316013891913,0.0334518959273442,0.0624953855933228,0.0635620952061622,0.0714673465685607,0.0537475589862222,-0.00482957746505264,0.0457372534294933,0.0557156339142448,0.0550771535144161,-0.0202141336492279,0.0479069253719508,0.0160868675257717,0.0340347867920912,0.0683642711523813,0.0382931618426863,0.0751606962977309,0.0216378954419323,0.0313295468773358,0.0232137382288951,0.0690743930479947,0.0529658789482408,0.0484372861889462,0.0584302174352231,0.0420947730524155,0.0372600673110668,0.0131387851752756,0.0459519179927916,0.0604907782723583,0.0342714209816162,0.0511122399483579,0.0649401336102411,0.0415044706768786,0.0299806200714841,0.0345092598881251,-0.0193632060745816,0.0400718068741934,0.0278257957161987,0.0283233344236873,0.0115911443741084,0.012416007100736,0.01899897358064,0.0262872877479907,0.0103785669168577
"BFA",748,"Burkina Faso",-0.00442480937987533,0.202419940308529,-0.0532193183090808,0.0536726491305224,0.023539619978429,-0.009962243281187,0.0683067828428232,0.110463435295728,0.00637737021211393,0.0165596607055356,0.0429393441657382,0.0220631280479289,-0.0117608308149695,0.0160734138768834,0.122782250846935,0.0764968692096595,-0.00238151927270991,0.0563685693622737,0.0213162967354794,-0.00610754328661578,0.0868559357768408,0.00227661614856167,0.0340910919095627,0.0130232547389006,0.0556031939913062,0.104493009620727,0.0612533987127097,0.0705303728469389,0.0605587074118432,0.0187085858176115,0.0640390664726329,0.0426088111050333,0.0751305346805573,0.0438107164255541,0.0830708246013394,0.0606544120527897,0.0402910994851737,0.0563802806803277,0.0291893261584928,0.0810847509898185,0.0641249358908613,0.0625303711290819,0.0563102017930515,0.0423585100077855,0.0384630151810406,0.0578724207909307,0.0601868015899356,0.0651436939146066,0.0554292508227388
"ZMB",754,"Zambia",0.0212760733836692,0.0941147251631271,-0.0158520271635094,0.0335264306014196,-0.00633132258609237,0.0272214725549382,-0.0318312074641316,-0.00895085302333953,-0.040317945554122,0.0384292046097627,-0.0082636348984817,0.0244792466084132,0.029009533171477,-0.00586328206264675,-0.000213841293550843,0.0261756257322361,0.0271314442499229,0.0192796335493615,0.00950213555498181,0.0074591462156004,-0.0197498802393916,-0.0174608253226243,0.0657622605261743,-0.0902042827043559,0.0285661482027422,0.0603273115530278,0.0374310232746566,-0.00386410865413644,0.0454520709112849,0.0382346437319736,0.0518023642613272,0.044073554818727,0.0671452217612032,0.0679614187899968,0.0698580592667515,0.0760688983672893,0.0802190358458184,0.0748653280343756,0.0881971778453785,0.0980177205016428,0.054157034383385,0.0732270661060106,0.0493493630607897,0.0458514077203276,0.0288265343423539,0.0368475119052096,0.0346669408160363,0.0395523039999865,0.0143066904928109
"CHN",924,"China, P.R.: Mainland",0.0856990814644938,-0.00753291617078311,0.0721017564293955,0.0297028412212423,0.0686695425096424,-0.0305175553324695,0.0567947459467923,0.109913379667393,0.07547297852288,0.0482120414622695,0.0310267031033025,0.0874383431623471,0.0696532931102336,0.103158705153655,0.0747265474697087,0.0662532651672798,0.0787705355837751,0.0434314608747819,0.00369736981427238,0.00367253421123515,0.0418300567662122,0.0746734922805246,0.0975946822188973,0.082070298434056,0.090003988867478,0.0691712823240813,0.0553949387312169,0.00586042998821767,0.0491287217497263,0.0674815465475511,0.0662946715608737,0.0898467285611719,0.0729016392980384,0.0927856067671655,0.0921407610823035,0.101397490833769,0.094964162771312,0.0566253170622844,0.0795378495594008,0.103343929157152,0.0673097694551466,0.0328095752235704,0.0717308254551163,0.0670876653083852,0.0370042004418067,0.0401554469398029,0.0285826789273322,0.00779867411943513,0.0361949626899296
"ROU",968,"Romania",0.122217711097726,0.100925840216483,0.0989399604253407,0.116171437451818,0.0982383412345449,0.105360490509987,0.0808522324470129,0.070286569486445,0.0614228303715265,0.0416726578979247,0.00112293128492524,0.0386840258008903,0.0587082703277133,0.0579964091340468,-0.000980681768254499,0.0230979589142262,0.0083124948400215,-0.00498211299590956,-0.059618812805823,-0.0577958548065105,-0.138322387000121,-0.0917555474700098,0.0151726300219686,0.0385660599700106,0.0689495951624703,0.0383328062810993,-0.0497059567329003,-0.0205067834654997,-0.00377410012517565,0.0243146309782087,0.0508660004403012,0.0554626630992576,0.0231417760050441,0.0991944867250023,0.0456247280339142,0.077227888947629,0.0698413565617173,0.0889945861882833,-0.0567546911791474,-0.0397936506120349,0.0198729902672792,0.0205587564350775,0.0345418670187367,0.0335392685349376,0.0379845209966803,0.0468913011159966,0.0686998361602154,0.0434123425133439,0.0399852514105277
