"X1","X2","X3","X4","X5","X6","X7","X8","X9","X10","X11","X12","X13","X14","X15","X16","X17","X18","X19","X20","X21","X22","X23","X24","X25","X26","X27","X28","X29","X30","X31","X32","X33","X34","X35","X36","X37","X38","X39","X40","X41","X42","X43","X44","X45","X46","X47","X48","X49"
0.0196738641593655,0.0156307250370048,0.0136563386843343,-0.0274313734641951,0.00114064841792624,0.0194424493543899,0.00660645954919251,0.00579029904517539,-0.00751816784757892,-0.0177526580006859,0.0062669265516421,-0.0191901339543058,0.0198118640571257,0.0217226729515179,0.00826348058341189,0.0107257522023107,0.000356981581390803,0.00941797911979675,0.00494543586753968,0.0044055263563578,-0.00327522655264512,0.0245779958094267,0.00136843721309871,0.00594128223287396,-0.00182783125340366,0.00892565237085688,0.00899159465101354,0.00990152037881982,0.0137566345949468,0.0102570673126538,0.00189987309691836,0.0134096603981949,0.0190738056692598,0.0172672833601416,0.0109389834344,0.000634652719249479,-0.00183554231217552,-0.00643976297749836,0.000491944686644055,0.0164183873674059,-0.00187415976572418,0.00263053688180541,0.00195846614278155,0.00469707448792903,0.00898243980454266,0.000872690614068917,0.00630190636520873,0.00814863947462925,0.00857292661559799
0.029723610073538,0.0137874797735819,0.0302028724108791,-0.0411011518084165,-0.0199077089094699,0.0173818424537168,0.00454995714275189,0.0209030622837801,0.0159641477807705,-0.0197648633916767,0.0110309587692387,0.0211989350446484,0.0356324065943562,-0.0061422641225555,0.017202844195346,0.0143392689043494,0.0227970482510017,0.0131008582251345,-0.0141263897241481,-0.014889822541507,-0.00524791516964324,0.0044636649266957,0.0164099251082333,0.0132758273119873,0.000343628911855923,0.00134690055517007,0.0235341295588172,0.0135228718957831,0.0105417507555505,0.0158979072667283,0.00802094076185501,0.0106117588274267,0.0183777902185612,0.00615042823517425,0.00914665952153461,0.00885924855316878,0.00299743355999496,-0.0188633287729048,-0.0334938211328775,0.00752450508426491,0.00487188978439442,-0.00399614382189021,0.00440898295272499,0.0044593506585626,0.00628534115083156,0.000148586819235303,0.00187811655729935,-0.00110251855027787,-0.00366468151272108
0.0140547940480267,0.0168226585624099,0.0153580199615833,-0.0217983591543593,0.00137527639707025,0.020614803374387,0.0158120099365378,-0.00351618201859955,0.0177167894332283,-0.0100651571148352,0.0055178514987709,0.0110877116457684,0.0210048317985879,-0.0106477925095922,0.00999727917912943,0.00710815511230298,0.00367639634960679,0.00997501263702696,0.0090820962559858,0.0170265418441833,0.00693968926640233,0.0157618031928516,-0.00311284243041718,0.00820342474020581,0.0219051072005286,-0.00664441084231468,-0.00167095872496036,0.0204867170437939,0.00878720968182869,0.0112753741003417,-0.0025974864587414,0.00529225174641736,-0.00424995100991431,0.0115449361444551,0.0133751303267178,0.0193395195699947,0.0179162579946114,-0.00552077005480799,-0.0293367580516726,0.00770335608584903,0.00810997110686978,0.000509665848953294,-0.00477845257482679,-0.00177203418790431,0.00680573197248404,-7.94308220014037e-05,0.00729010939200002,0.00203390521178168,-0.00390706548159056
0.015471136046413,0.0414131888613744,0.039949969573879,0.0186064768051955,-0.020310856239876,0.0343863290878437,-0.00209387982169079,0.0118336201026553,0.00463040575714549,0.0308310642529302,0.00451839111992391,0.00795445582355611,-0.00183302971682286,0.0038405813600941,0.000534819060735381,0.0111337434853212,0.0135221136288394,0.0246956307676677,0.0126143642651843,0.000853521718314959,0.0146099723883936,0.0103106110554708,0.000177900883545669,0.0220130711859963,-0.00970233484235124,0.00944354645230979,0.0150431599440448,-0.00932445609224066,0.0118294239542184,0.00329044937340715,-0.0100443500484378,-0.00100320935750052,-0.00159643017110365,0.0203519970333522,0.00408406363165891,0.00328201235644799,0.0141964357176604,-0.012128531572285,-0.017179397202854,0.0169029005921011,-0.00292895101147583,-0.00079893933375691,0.000476085390107355,0.00631264728586177,0.00864753424866717,-0.0044990752000987,-0.00537841933720292,-0.00222865560901888,-0.00363632179633042
0.0207430737394773,0.0226303825244266,0.0244647601991128,-0.0199874303891991,0.00567059270820744,0.02242219406529,0.0106941596319967,0.00698743876893235,0.0178244168255985,-0.0220327146424943,0.0061394515825404,0.0189999669176098,0.0155892729138311,0.0194465083934343,0.0137336144786713,0.0113985580508524,-0.00451521964951032,-0.00278486904360416,-0.000966007506714633,0.0087245865869208,0.00731303771828867,0.00586721134636628,0.000184387448013745,0.0455905663019346,0.00642271524832839,0.0109592932836401,-0.0016852399392113,-0.0116372549153332,-0.000202465063664517,0.0120670465883821,-0.0118293686347535,-0.00394865553159825,0.00243213399243975,0.0192265768834094,0.00586582682499132,0.00714549242237033,-0.0085609566112673,-0.0220608009573253,-0.0295990446970132,0.025978420314826,0.00171391154848555,0.00612327623588627,0.00125321698153818,0.00857358784986299,0.0110935134308871,0.0118849140042741,0.0127874530910388,0.013360966433504,0.0123810446139426
0.0196988840008038,0.0284567145000061,0.0281542379744283,0.0186672302119507,-0.0201508815069085,0.00209906217904604,0.0196523980148933,0.0252888872614394,0.0116616147877477,-0.00154817788402492,0.00318135744621401,0.0359901637941587,0.0058232991491306,0.00807446266004083,0.0171771943878479,0.0072300550540188,-7.235802488742e-05,0.0200027605453527,0.0226536616432429,0.00787589162754056,-0.000882789185193092,0.0090266030248031,-0.00569972790753924,0.0121167088437316,0.0137252156832323,0.00250070174018138,0.00942591976386644,0.0172437181715167,0.00945884320885981,0.0189435979618753,0.00576522696965502,0.010787250901083,-0.00458126026371636,0.0062045030343654,0.000801121493036792,0.0132432160838898,-0.00586634376415731,-0.015181796347598,-0.0254815053774116,0.00638090064019937,0.00475555440746028,-0.00647559979556916,0.00300716129351267,0.00208785613055449,-9.73927928755135e-05,-0.00401616448541408,0.012662853588861,0.00470839409531297,-0.0075787185380226
0.0147137197493755,0.0253432208030539,0.0305096910314945,0.00797880648342786,0.000188281853306882,0.0252500702552585,0.0194595948734843,0.0118370596432098,0.0167388587976139,-0.00334042800966594,-0.000474585122546611,-0.00706371435239711,0.0119924350411963,0.0154984459461294,0.0123166633983459,0.00917686388482342,0.00414638804534623,0.0204365439092848,0.0288739829515576,0.0491322324282761,0.0630734568739331,0.0111693166390448,0.00154913982823573,0.0149991461714249,0.00525339941265786,0.00448033163073319,0.0121758100308504,0.00136520730673671,0.00144694266990618,0.0140491355130062,0.0131891881877264,-0.000840483314528309,-0.00299155492400369,0.00464433559856134,0.00625617102144641,0.0164232379261069,0.010818003670975,-0.00363971290162991,-0.0448196575846713,0.0237224248143173,0.023584061409029,0.00122756402106118,0.00107662867584354,0.0105411909888659,0.00646955052110446,0.013440853922764,0.0115824958801302,-0.00345265154754167,-0.00592292513845163
-0.00660779621692108,0.00604235502660288,0.0296736381682225,0.0214771841765408,-0.0429812987366564,0.0373463667028369,0.00853256871274011,0.00795101088657141,0.0262479983112778,-0.00381851075712,-0.0174809829763861,-0.0221177053831512,-0.0101785961363915,0.0151703367352597,0.00469189149877638,0.000458742748062443,0.00485655694059305,0.0106612683967299,0.0115348326403202,-0.00481668453903446,-0.0110722090675939,-0.00568476168714692,-0.00407360847276748,0.01911383043019,0.0139752764631481,-0.00651130984608775,0.00573223721188904,-0.00486208501426974,-0.00364001747831683,0.0152716470504034,-0.00461966863957658,-0.0207972414751953,-0.0180091792135354,-0.00264314296539522,-0.00777909583386693,-0.00686257674864914,-0.00586457116983904,-0.0171142119886743,-0.0427995997568238,0.0118026832350886,-0.000778543885277684,-0.021867476221664,-0.00330613300945477,0.000432934721132537,-0.0015141792606184,-0.00192029857819025,0.00479391044874324,-0.00250217182258782,-0.00493264606792826
-0.032219157089372,0.0135170293202951,0.0381344634620552,-0.000982357109431176,-0.0945835600445529,0.00881243416620531,0.00564044492921167,0.0306454799792947,0.0102406468244026,-0.0102025252939503,-0.0113509367864602,0.0065909342352195,0.0250813646344526,0.0532091880403234,0.0147184460237229,0.0665927057485352,0.00273518814650417,0.036052631965569,0.0535603757286518,0.0131876232696185,0.0437592814011332,0.000400245512187323,0.00932189577094769,0.0141394515463385,-0.0156243429278616,-0.0135201833420703,0.0211320021228845,0.0162366545361054,0.0313166251511606,0.0250563149855821,-0.0128487977795958,0.015014104130008,-0.00737216072853573,0.00976448526139434,0.00336706925700818,0.0123112528508949,0.0293453780725521,-0.0640797528481911,-0.0461316135808052,0.017088476781015,-0.0130624173843265,-0.0376935812163409,0.0061500032274012,0.00342939757474354,0.00752907383724191,0.011847785002504,-0.0170900771464221,-0.00643495397725675,-0.0141813419174529
0.0277005788769839,0.0113393760082098,0.0425483858450907,0.0421079488743756,0.0102134135529113,0.0353320157657004,0.0113055050865762,0.0105398044402953,0.000732155841802778,0.00729964649813911,-0.0125232863628408,-0.00464992811767595,0.0223507607501696,0.0153921070711464,0.00618518497702925,0.0039072026641333,0.00117110834075565,0.00796046097933405,0.0124527460485184,0.00904723443700166,0.00301903593055708,-0.00733658855975181,0.00395963246943717,0.0105863515725537,-0.00144947456191104,-0.000481742956656067,0.0132761374313213,0.0148754658740786,0.013319535356456,0.0199134619017126,0.00230307833200937,-0.00446586310198187,-0.00120209868052568,0.00781072889868008,0.0110087896879051,0.00944147216711445,0.00285864217517064,0.000505716802921519,-0.0353349417979746,0.0124283558721852,0.00278045045423361,-0.0110002057254781,-0.00225377596815829,0.00600803952549053,0.000214033564622273,0.00176765668861791,0.00929585993598826,0.00243355550035395,-0.00360720395634163
0.0280820619792003,0.0345539216522097,0.0201333383965675,0.0132487007959413,0.0161280925366209,0.0257464307951963,0.00942689016626486,0.0179034030734957,0.0222866010708997,0.0107161194071158,-0.00957517467620281,-0.0135248757168213,0.0232963880250831,0.03573946510793,0.0220375380674978,0.00347608525537504,-9.1127307092681e-05,-0.0135301741284339,0.017609103762914,0.0206059058012863,0.0317258468901891,0.0289894936975801,0.0190918470380812,0.0338537489686358,0.0253508661342415,0.0250575398284502,0.016652865284708,-0.0124626154517266,-0.00420725316297573,0.0200386373405416,0.0130492072511823,0.0107411151044999,0.0125319250722875,0.017347148447648,0.0020155441724088,-0.0104964289696319,-0.0139361519032104,-0.0334789346559998,-0.0245505984571412,-0.00693830449039654,-0.0113305110674644,0.00480833249641288,-0.00657752204233198,5.51019891316083e-05,0.00541309546031862,-0.00440410591980722,0.00923323340901003,-0.010389527715992,-0.0126954231552802
0.00200769277413104,0.0135105317183461,0.019475818736443,0.0054087861175246,0.00292747195792675,-0.015649315701868,-0.0206342259810467,0.0196433296944778,0.0189944146503191,-0.00567156401019159,-0.00455211997822352,-0.00378863601218354,0.000667578021480042,0.0197339715740035,-0.0053305736531547,0.00625021394880038,0.00556174741686333,-0.00980894196165527,-0.00462932295929303,-0.0149850760511524,-0.00473638849535912,0.00485055791130984,-0.00169945140493444,0.0273049301895815,0.0216236665292236,0.00718845296163526,0.0265307887405017,0.021721248212411,0.0155321680544252,0.0284895393013306,-2.61108594101778e-05,0.0220429464865098,0.0216097919836126,0.0284349603441039,0.0163558790909874,0.0234399703697881,0.00349059784846132,-0.0241748229653003,-0.0329766574651338,0.0381599484087978,0.0103489672425414,-0.0124444647869182,0.00368382722807077,0.0116521870821462,0.0269463079155101,-0.000596256362775811,0.00888383970707607,0.00263129909413717,0.00797634538405935
0.0113481047726376,0.00991804660113979,0.0139148574271506,0.0076444426540935,-0.0556912802514178,-0.00562284597349319,0.0237635351252392,-0.00381819284955226,0.0145255592093307,0.0230313073238502,-0.00364037638001406,-0.0205948419917993,0.00108877029310414,0.0166702637011947,0.0129518244445651,-0.00628942406312616,-0.0131574366642028,0.00166398752190824,0.0173814714245383,0.0055843970030154,-0.0296306220934385,-0.00378457763770079,-0.000442885242651764,0.000981849094573189,0.0059308992346892,0.00756935693033481,0.0160667095289298,0.00529825349814042,-0.00947912403905379,0.0224069383915645,0.0108377488157677,-0.00381166038949284,-0.00996126043050791,0.00411033380212711,0.0156311607272343,0.0167162245507173,0.0128564311323273,0.00597218850810988,-0.0247319920110291,0.0338670044396144,-0.00241616565969485,-0.00196813929749697,0.0104114337460088,0.00860504637213978,-0.00603378834980219,0.0042456872032721,0.0108892371277487,0.0192242767504068,0.00063185793775623
0.0116306227770395,0.0119113685190729,0.0107786373781099,-0.0226516747892902,-0.00480648251561101,0.0317325513197543,0.0102861333697468,-0.00521076593535821,-0.017148298663562,-0.0155799359075624,-0.000215492624880312,-0.0129151665613479,0.00867534877700203,0.020984407615151,0.00432989541573897,-0.016151431513608,-0.000364564629417079,0.00109727023493942,-0.00681086635934482,-0.013455499525294,-0.0127892569353508,0.0055364791834646,0.00985494231614083,0.0118394009839209,0.00273955713075717,-0.0105231055426854,0.0127234157516351,0.00548933334537319,0.0139245194844172,0.019919898833496,0.00255016069606845,0.00938605406867894,-0.00571621652872777,0.000437353544902482,0.00683172676543339,-0.00298968472226385,-0.0111272714932042,-0.0150284055172414,-0.016680162359712,0.00538378148150586,0.00923689631568481,-0.00448550983710368,0.00540685906545739,0.0152848838158186,-0.00983356356075593,-0.00121502773959152,0.0156721866628214,0.00659929864881356,0.00613039885725986
-0.0106436971594356,0.0263434478134095,0.0189132888342219,-0.0291428316175709,0.0091842197780371,-0.00425515983899966,0.00370504588317336,0.0119768226723452,0.0133097498727509,-0.00777802891659521,0.0103257876278013,0.00313426155563348,0.000794914559050591,0.013726599138914,0.0276505173946502,0.00553110739549156,0.0164522426165557,0.0302320295198996,0.0137901027696368,0.0181340755163491,0.000316936816532734,-0.0059567393774336,-0.0130671478956671,0.000968252846283532,0.0080060321214806,0.0094413604193597,-0.00273575147774413,-0.0118211751371768,-0.0029141165623555,0.0167904905535995,0.000724544726165399,0.00454241797251471,0.00661743368214294,0.00860960052199619,0.00707159928129632,-0.00074403925656983,0.00713085204165958,-0.0103881604253456,-0.0347709789695494,0.0335541435088271,-0.000733738812998465,0.0106071384393401,0.0197719269980345,-0.00228340392162797,0.00716178233137515,-0.000461688628924888,0.0130740187402818,-0.00534805639372072,0.00984404527176097
0.00870817069604513,0.04471227906071,0.0309090406434681,0.00323242259653395,-0.00199090299760751,-0.0111856738769268,0.000495821194997248,0.0193155057158961,0.0467834500706306,0.0426158900444558,-0.0140069435553044,0.0106575410026125,0.0181297302556217,0.0136413098213191,0.0149719812611231,0.0170732202753098,0.00584039067373909,0.0255623282260556,0.0180306873059431,-0.00117279976499909,-0.0221438976685114,0.00837873334150394,0.0275228250666249,0.036048410490446,0.0169852426691422,0.0161385375899468,0.0303991835760523,0.0290237265378842,0.0155641501441644,0.0326184876911673,0.00648002414683932,-0.00041007305428283,0.00677766527202098,0.0217111124274261,0.00821826024727614,0.0173484313414313,0.0243300909684557,-0.018382969777398,-0.0710459436698969,0.0239177720529247,0.00911114674531879,-0.0242429189892533,-0.00870293787605565,-0.00707584362920113,-0.000459582666149455,0.0160835053368162,0.0179808702836193,-0.00999271024116169,-0.00603579364700139
0.0272879498027409,0.0422065406020252,0.020613263458809,-0.0985987149183706,0.0322179676207871,0.0313384704680661,-0.00547864152201744,0.0338670095695583,-0.00743691129610413,-0.0274487560879316,-0.0631369573635644,-0.0281706663971897,-0.0338277590506955,0.00456995938758753,-0.00578794969683699,-0.0134927514079263,-0.0375678245200107,0.0177228792716706,0.017443943312586,-0.0232935701587341,0.0216602940798022,-0.0175166774208203,-0.036786452221106,-0.00443354887907055,0.000365272607610906,0.0129485678452242,0.0277789483038956,-0.00695102903956284,0.00734577247773126,0.0135267433891034,0.0185161023223741,0.00772439216665838,0.0266720935890924,0.0207573112544097,-0.0242689850783411,0.031740748458052,0.0084212962095381,-0.022910684943823,-0.0406693930552423,-0.0277943738774133,-0.0693803655127954,-0.0379528662813295,-0.0115790655536146,0.013285487177378,-0.010400949746061,-0.00516507023787603,0.00100973561146379,0.00778296797659621,0.0110099428647076
0.0688343080812334,0.0306049191164378,0.0222328543356197,0.00709514775860315,-0.0188651727201502,0.0249315347220406,0.0707312785567702,0.0322722414514282,0.0263854746230045,0.0152764321400714,-0.00755344435559718,-0.0170827755275529,-0.0382142915024105,0.0142751976336878,-0.0102992659201364,0.0249672747735129,0.0263245386039913,0.00477994796449682,0.00104056649802015,0.0043469524623316,-0.0162825370697609,-0.0428618639056509,0.00285329959418151,0.0334007343412915,-0.022422425336477,0.0200142482155551,-0.0140918634770856,0.00948331103508279,0.00281159139217987,-0.0065849808148076,0.00740329918509822,0.0165325381830152,0.0194258193740702,0.0564649810680689,0.0110721587493704,-0.00561207104985825,0.0533700335380313,0.000915190308986416,0.00351348315152653,-0.030366975228928,0.0031048263387297,0.00399969786256703,0.0265306407700324,0.0088791750734012,0.0203691963620513,0.0306479479293907,0.0167427315756926,0.0247715548402038,0.0150727129009621
-0.0024452796968365,0.0415060373418865,0.0025208058751538,0.0177080520855681,0.0405840740099447,-0.00759013742524406,0.0403214746143481,0.0320775497292309,-0.0263984777023464,0.0168040890134661,0.0133996219835877,0.00460574696323302,-0.0122700085218805,0.0435849743398841,0.0207095523146537,-0.0194438689219932,0.0394463051295154,0.0363872037255458,0.0386758958736624,0.0415143679610277,0.0203029263680351,0.0348377880662046,0.0163692933209788,0.0243382911825513,0.0506086846273639,0.0298738810139278,0.0562183726990467,0.0163413985036189,0.0316939601472465,0.034761960245885,0.00361931103546236,0.0191997802893141,-0.0112708119950968,0.0157057930212903,-0.010704423231347,-0.0108750843372072,0.00128556943545184,-0.0611976489860168,-0.0203691270531024,0.049800984060651,-0.00068567021041567,-0.0127052869530406,-0.0127836053756135,0.0500105493163034,0.161301040723726,-0.0733016426654169,0.012026938551216,0.0283960974359955,-0.0568111451242222
-0.00945221895677184,0.018229500643795,-0.00157428562765793,0.0576248012489944,0.137179563830763,0.0994338676713029,0.0603614106956625,0.0569107065933444,0.0475586337814353,0.0247280164090632,-0.0140939494428569,-0.00928248854186237,-0.0752454062467216,-0.0538904825695498,-0.0337640941694804,-0.001498243847182,-0.0377697267836977,0.0233652019563482,0.034482810889987,0.0203895624977114,0.0210101964071212,0.0151171595411743,0.00456604037350256,0.00947082449831804,-0.00137539198105571,-0.00134163931138598,0.0160702137689883,0.0103082913741572,0.0102563640913287,0.0399765747918578,-0.00169833775827044,0.00494156449181096,0.00774406593163302,0.0038083223486112,-0.0159140426048118,-0.0189728278592191,0.00137465754744506,-0.00277971244829364,-0.039365814991334,0.0133498338051507,-0.00176743478179472,0.00858118344905032,0.0234103100951454,0.0605181305722277,0.0569460009298942,-0.00301175127028534,0.037795643128086,0.0345237061974138,0.00548195361231081
0.00502244346329508,0.0320814338216466,0.0629784397514728,-0.0698613939188168,-0.0885622676446426,0.0328995164436688,0.0122290752449128,-0.00573522793049054,0.0195178918979386,4.32549068547852e-05,-0.0158889515886254,-0.00547820904920001,-0.049921558361049,-0.0272980730276141,0.0211098876391195,0.026158135826308,0.0171651566734994,0.0375356440530506,0.0143336048863116,-0.000965175176477151,0.0198884594717131,-0.0170840238233437,-0.0268696457621939,-0.0104276087892848,0.0102253645866656,-0.00083090741324595,0.00101579229257295,-0.00633378799545269,-0.00131889782498388,-0.00662280873531933,0.00077324279758886,-0.00288022370817707,-0.00885229786138846,0.0113160726254847,0.00123811426960622,0.000911032960278016,0.00166861745638583,-0.0118943348412649,-0.0272258063336462,0.0135283134292958,-0.00220123897635874,-0.0128206354120608,0.00207114629415319,-0.00629734468478634,0.00294822959333639,0.00398625774585549,0.0117729985832688,0.00818020867525002,0.0100571962600565
0.0124474201368374,0.0399962468785535,0.0278443781615054,0.0143834018815519,-0.0147210148360871,0.0121765428023751,0.0138260652860667,0.0208232965810512,0.0111498550351596,0.0231120765015852,0.00817272349443046,0.00829553602890039,0.0146716878688794,0.0331750251678596,0.0173824359534479,0.00308047907911427,0.00739024427810964,0.00693719000259461,0.00433458878108324,-0.0115112276615824,-0.00841966647981907,0.00280437186197985,-0.00258319835034591,0.012970127998201,-0.0011643805653621,0.000391302793826903,-0.00420779882541712,-0.00676902617711534,-0.0085670708634434,-0.0019334272017808,-0.0072931370902728,-0.00712418913630205,-0.00458343457152079,-0.00486018665428716,-0.00371621434629573,-0.0015579572217531,0.00076044080230221,-0.0124876096453276,-0.0137369342393166,0.00343699594152552,-0.00378782132549003,-0.00908672194680499,-0.00576434657843165,-0.000260984862375548,0.012716764740326,0.00742288243653049,0.00933009226089716,0.000651504724699892,0.00165087376663899
0.00649620585277927,0.0114365006384176,-0.0232823695059085,-0.0323441483938995,0.0012425615411005,0.0188785461096046,-0.017118195754605,-0.0108975286934901,-0.0379348980089406,-0.0439086826921016,0.00865068379605122,-0.00945641860671301,0.00976575452237063,0.0383495214411605,-0.0126805607280536,0.022274389531251,0.024462122150115,-0.0408128618814632,-0.0544152245775557,0.0426066689009676,-0.0503744328538086,0.00810546425736416,0.0356185949822962,-0.111272007168836,0.0249665735186252,0.00764008177755632,0.0244160642490946,-0.0209572517920127,-0.0700502819919734,0.0372434641468472,-0.0701639236057001,0.0439562018528605,0.0275883865497559,0.0491246702960134,0.0138761163441009,-0.00236679573465175,-0.00465363073616194,-0.0418926183048412,-0.0686862441036086,0.0229109674627861,0.0355331228624314,-0.00606037598276814,0.028815143201402,-0.00252952854004828,0.00137483847075249,-0.0185783463906526,0.0143401512411244,-0.0171714033041689,-0.00889388807880668
0.0104656627857211,0.00438693636528106,0.00863912373147366,-0.0203006196345885,0.0178600532104783,0.0052582989914306,-0.0152115348455569,0.0138314950786506,-0.00327988461893547,-0.0104706094267924,0.00474688999952499,-0.0292286690899135,0.04104561721927,-0.000450763093924611,-0.000865267466287428,-0.0235054312049145,0.0209220863541002,-0.00606201896862335,-0.013340866952794,-0.0230453395314887,0.0127914928668491,0.0318312231358874,0.0175209155073434,-0.000166866547125416,-0.000233822560718799,0.0148666209162067,0.0204827869403979,0.0236161441316772,0.00656732260264505,-0.0107136288706115,0.0296178448999568,0.00457646431146955,0.0113911712735559,0.00500245554255276,-0.0119727743119045,0.00835549376048696,-0.00119211476647212,-0.0117337032035549,0.0103105829143542,-0.0050200997314858,0.00718478631917122,0.00338163537972324,0.00469355701482943,0.00676814538585698,0.00471568960798445,0.00819014478393044,0.00500828354115353,-0.000920361402651306,-0.0233144271051609
-0.0026769951297697,0.0170157883929005,0.0356284286680182,0.00425199682972657,-0.0515714749369042,-0.00823595866220483,-0.0514766107681463,-0.0409356897549189,0.0152171238190442,0.00393017669401238,0.0454787608498051,-0.0148340247738332,-0.000500467586379783,0.0237872847979445,-0.0233002020085236,0.00603589267130908,-0.0656021416645603,0.0256841073230707,0.0102359373343507,-0.00617522488624503,-0.00866718990639639,-0.000716290156138166,0.0218919045322309,0.0116325106531971,0.00374268959029891,0.00148671882149903,0.0139137345926973,-0.000755776966275226,0.0182086677807093,-0.00330200368403376,0.0118293866103705,0.0173610407228045,0.0125740977230939,-0.0150756044725625,-0.00111750631491585,0.00175726892599548,0.0156144490390278,-0.0261776797977573,0.0314956148547957,-0.0057018375434793,0.00459017710313748,0.0105837696483657,-0.0124665588732528,0.00260785306293933,0.0188890316675538,0.00456066417789813,0.0069540575067624,-0.00115091204525833,0.00428655975950257
0.00897688451502121,-0.0182927071714115,0.0101605863889535,0.0339653718272402,-0.00925267156661808,-0.00852405691466021,-0.0265639672570235,0.00407498794831318,0.0135593221713136,0.0387288419183986,0.013898002834154,-0.0342231810416418,-0.0530065569927393,0.0151208303560149,-0.0382333971023371,-0.00280247015081406,-0.0108934841478159,0.00467701141047694,-0.0130552591351867,-0.0274075640232835,-0.0370541591739281,-0.0320707412253198,-0.008446035557552,0.0072836397432132,0.00511465482856293,0.0151770487372243,-0.00201283460155974,-0.0268183123691558,0.000136703031142996,0.0186062533154746,0.0336276067525646,-0.00960622127390437,0.0346096091863689,0.0116485135306402,0.0181515825409131,-0.0234131535397723,0.0122890906814658,-0.0110008275637674,-0.0226686422539841,0.0201441451940876,-0.0220566281275295,0.0039617769718794,-0.00839284536079853,-0.00701212710579012,-0.0370330771948031,-0.0227968692995257,-0.00919382398191057,-0.0202121155250418,-0.0143324773400744
-0.00298728998568104,-0.0169394227933364,0.00611211066163304,0.0110919411164432,-0.0319477349522781,-0.0249041942015887,0.0152617223360034,-0.0586207838053485,0.0350083469756277,-0.0134118710759453,-0.0734481254073825,-0.0455564375167869,0.018930099754559,0.00142497509740442,-0.0796147672887067,0.0520177149905871,0.00778826007671728,-0.0353394524216314,-0.0779156991168928,-0.0235866179552896,0.0805611253004173,0.0773184743041593,0.0357827372441088,0.0243824563035993,-0.0266291955163559,0.0251800345000803,0.0345936968737425,-0.00444834609045779,-0.0500228928429999,-0.0180896411771923,-0.0390962541926176,-0.0883380848612627,0.0652108761850099,0.0451759277389954,0.0424599692879191,0.0413939319684129,0.0378634421096657,-0.000904905593429969,-0.0697407695985162,0.0589038240383176,0.017367712763313,-0.0332073541054321,-0.00255173874531182,-0.0417257392290904,-0.00124456075829588,-0.0128569309505054,0.000548811569523347,-0.0376882504542896,-0.0332699238328383
0.0214973382099894,0.0305657563197598,0.0144537840249925,0.00262014481556462,0.0400796636542847,0.00749127391523538,0.013144039776963,-0.0296154733672101,-0.0356479244269542,-0.0303060168907334,-0.011484018217466,-0.0373589685238122,-0.0553506568258577,-0.0394621565066702,-0.0441733084848248,-0.0391208401699378,-0.00258792002048011,0.0249735547436897,-0.00405689805605683,0.000850278010908229,0.00676308509208084,-0.0209778684272155,0.00629355250429098,-0.00200797714780471,0.0111946832389247,0.00664110115470928,0.00703588739645572,-0.00210194385760172,-0.0325152931334293,-0.00962473676645237,0.0107980131920892,0.0106060885011413,0.0280499743136646,-0.000234856777976439,0.0210115538127247,0.0159056178625898,0.0204806091820376,0.0254282811294339,0.0181582153450814,0.00372976459431908,-0.00399860662849704,0.00124417282748136,0.0183795043228876,-0.000683463742600452,-7.22260035408376e-05,-0.00249647380178718,-0.00589133992735196,-0.00711174360667561,-0.0138271499355587
0.0421055930255777,0.0454898959965634,0.0265406037833436,0.0200016969600001,-0.00707455895430159,0.0376970328530617,-0.0372024016753452,-0.00448587021511987,0.0424135378685778,0.0578030789987782,-0.0953819818989303,-0.0430570203270858,-0.0507918973018965,0.0194255836376338,0.0198349515099135,0.0337190916711358,-0.00481275035707807,-0.0369790242240907,0.00317876224092808,-0.0710813550957793,-0.00712805140967399,-0.0240776613785709,0.0210539411056412,0.0276856350905884,0.00813077443868132,0.00513122328440163,-0.00329491044847255,-0.0227165331996773,-0.0384592572710093,-0.00413473062451383,-0.00777563347315785,-0.0099265205317392,-0.0105545437963707,0.0106607693196922,0.00254264319229799,0.0023764152736153,0.0329309845087076,0.0132758851652254,-0.0243375109272732,0.0240353113961878,-0.0158855374949646,-0.0137578496323382,-0.00583397518038599,-0.0266644893225056,-0.046662318782861,-0.0328231492440808,0.000743904628448852,-0.0120956513384387,-0.0178358263479735
0.0105550567562068,-0.0596962399801604,-0.0832066525663587,-0.004305506195742,-0.152371218137604,0.00627443590112131,0.0583280657976031,0.0462188746543341,0.0379189721002564,0.0128455010647355,0.0069037118357817,-0.11141923280506,-0.0558293952392149,0.0171238618994676,-0.0231842090247708,0.00846755114353778,0.0228609723818792,0.0276980160099073,0.0424948167216865,-0.0178557108507219,0.0427893736703749,0.0580580738239505,0.01985452937358,0.0140255823677762,0.0398727228849065,0.0070153928707499,0.0173341121278647,-0.0265325789471854,-0.0255713289842393,0.00414925228132153,0.00388870499984856,-0.0153137142027521,0.000425446573448417,0.0270163477001346,0.0167420843743723,0.003031269017274,-0.00213423633762161,-0.0120870840277502,-0.0456846126511759,0.00859607654371729,0.00535677831251891,-0.00263322446873201,-0.00646339105101013,-0.0117954842351721,-0.0109016954032858,-0.00869824354960602,-0.00898721274834237,0.0160013822982804,-0.0113307198438282
0.00809382028611738,0.0293792775471381,0.0216325469930444,0.00985892629921803,-0.0284927619619251,0.00269622684539576,-0.00503774886128232,0.0401886295890749,0.0106517230072776,-0.000985370739896144,-0.0292536699934216,-0.0269025528460034,-0.00937203232277033,0.00608696613728238,0.00155149478223882,0.0194745077686719,0.00747018001670634,-0.000419525246810153,-0.00724803056366975,0.0127376531222589,-0.0233450002191552,0.0155260271519475,-0.0129399887369055,-0.00878214554608497,-0.00186267598211645,-0.0132500420833547,-0.00029029777153158,-0.0143166141685114,-0.0414465021769895,-0.0061549322087409,0.0058745843567035,-0.0161740204080451,0.00935174864399605,0.0203326451491518,0.00241779363631697,0.011978433864074,-0.00147911054382911,-0.0119994910915531,-0.0114356900594788,0.00586344346107806,0.0217602106722657,-2.22981011915777e-05,0.0129483506026778,0.0124776714866007,-0.0132407352695358,-0.002346204002687,-0.00690407890378866,0.00289568844455457,0.0152939573235073
-6.87662808831757e-05,0.0118404487450408,0.0096469230026234,0.000773514163471711,-0.034688088261952,-0.0121187985017059,0.011000867470396,-0.00703287888560244,-0.0172071489579584,-0.0349676935354416,-0.0359597272654713,-0.0868643858431623,-0.0116150665911045,0.0215035903863989,-0.0356075345669777,0.0162349155692108,-0.00849137820866652,-0.000627526039784942,0.00191140608980772,-0.0217294514242014,0.014550593456506,0.010694223041764,0.0200992297073771,-0.00960908502761761,0.00488886132476525,-0.0339813117426801,0.00671200158397139,0.00904587300531431,-0.0113500993597265,-0.00477159560461851,0.00802251338599227,-0.0130601682014041,0.00572666337427158,-0.00160907308646482,0.00195911940010113,0.0298875972603682,0.025155540906498,0.00702103155046324,-0.0094840610842916,0.0413152149391759,-0.00213501389187046,0.0381075768492732,0.00602514858125132,0.00902154935402794,-0.00145378287339995,-0.00580862284308936,0.0137128974775962,0.0223876254644967,0.00614090448119175
0.0527348147867409,0.0391026056491763,0.0605636716986451,0.00813191256927814,0.000997184320762123,0.0128128645071551,-0.00525072600528725,-0.0313249831989732,-0.0105578310439766,0.0294863699643654,-0.00160382553973537,-0.0138441760893448,0.000399635620796424,-0.0377640339688365,-0.0594492128237101,0.00500014505565033,0.0496706973578643,-0.025258464709401,-0.00335114852395252,-0.132687852020168,-0.0289231409477802,0.0709434027338482,0.03029644460469,-0.000697502611724576,0.0385936038999929,0.0765178199866491,0.0421565521471116,-0.0147032166791284,0.0325817900734723,0.0479411619720737,0.0195696459592291,0.0353113964463042,-0.00610497999778684,-0.0125376145004944,0.0617744036125247,0.0597299320781486,0.0328242409183508,-0.0232256708052876,-0.0197360240932287,0.0327239444872952,-0.0150493660100239,-0.0117648374394323,0.00977733267453518,0.00797499688958806,0.0202208579470021,0.0129089214740196,-0.00467861220525472,0.0107492947647997,-0.00463316845468575
0.0104703794968778,-0.00105794664306758,0.0808536729307892,0.0627324863980156,0.055788697902928,0.0211749207258944,-0.0373704825516765,-0.00127225812087249,-0.0138541974113396,-0.00948486911328807,0.014955556466576,-0.0270526253140194,-0.0313341671849533,-0.00395464256905038,0.00831550080504781,0.00834942942937426,-0.0385853983125215,0.0307442572245452,-0.0262237981165344,0.00743819091057342,0.0170349228502068,-0.000553260690004026,-0.00767328677386306,0.00999135506664398,-0.00143081489978622,-0.00499885410361492,0.0130441023188893,0.00102637543283893,0.00103925882572399,-0.0270792428118836,-0.000255608911810173,0.00431038294793126,-0.00885007422147346,0.0330138765754543,0.00667593263515053,0.0141829306486088,-0.00804162500807436,0.0120247371947565,-0.0182255430718364,-0.00454331752794244,0.0401159499929002,0.0296314981286239,0.0108038479380998,0.010033194196361,-0.0138765294345664,-0.00580014475543245,-0.00407982916729924,-0.0153145442848187,-0.0063721227401359
0.00564492133556969,0.0225678154992995,0.0151592060908384,0.0221192800619559,-0.0204738603831047,0.00522227590557768,0.00851048521169998,-0.0200873275790604,-0.0128796298870644,-0.00828550192565961,-0.0345125661275846,-0.0386254864065304,-0.0263101969456234,-0.0268376991655861,-0.0121999056036063,0.00231426331142778,0.000269039757990454,-0.00161075913651922,-0.00947225769500799,0.0120455201495823,0.0129784104801616,0.0172348795994467,-0.000303421613994707,0.00155312241227801,0.010898835084836,-0.00287308736176444,0.00188128091931153,-0.00207592237399596,-0.00513176703890122,-0.00607025105569554,-0.00325564442833655,0.0114222552370474,0.00110685244761012,0.00301642758248807,0.00680226748497349,0.00731748326721143,0.016981276040111,-0.000399937085251763,-0.0124460529892404,-0.00255461828479728,0.0047527423649026,-0.0433922464569151,0.040526178753783,0.00351566911512251,0.007334586186559,-0.00577317140880833,-0.00275648839272548,-0.00411671204310889,0.00811355003411367
0.00290330250756121,0.021111735846224,0.031212200954817,-0.0529503342361556,-0.0178136536694287,0.0531099390656178,0.0452690552320686,0.0329161983858812,-0.008212948618883,-0.038570533138877,-0.00713914398088683,-0.0356207105381022,-0.0410967582461406,0.00215503329119424,0.00387770094718132,-0.0141948230100236,0.0261432851853669,0.00540250978978674,0.000219003037234988,-0.0343086242062074,-0.00210287958762218,-0.0325162934724694,0.00186353018568061,-0.0692664062804116,-0.00121270452733345,-0.0457545114340309,-0.0121480606415918,-0.018498836231258,-0.0919585175386314,0.0346772307669956,0.0167488316220064,0.0125721628899845,0.0157789022703751,0.032267450724779,0.0143523442220066,0.0251238915352949,0.0112184599244276,-0.0179616470919018,-0.0480672769263527,-0.000393154191021522,0.0159938810362178,0.0148960954772379,-0.035228093671923,0.0140289671552076,-0.0175814737143287,0.0139845676490155,0.0011044877220666,-0.0285492912992265,0.0208984521274075
-0.0171785330272799,0.0192974086605698,0.0136501950864732,-0.00818973746767293,-0.0169666599514488,-0.0167604132320952,-0.0162298877284086,0.0204231305328675,0.0143308185071022,0.00176994624499166,0.0123379167453341,-0.057434571580302,-0.0621645463506887,-0.00131114413583458,-0.0159417574033437,-0.0677461443233676,-0.0109101752599776,-0.0204341565624866,-0.00480565585576968,0.00200650654188199,-0.00373463719390209,-0.0121031735757515,-0.00756352738125585,0.00597009456747334,-0.081053089183971,0.0306920258117932,0.0246500886987161,0.0215824832705603,-0.0275090382266968,0.0190124547797433,-0.028888625160207,-0.0357150900022544,0.00162766885679057,0.011389443743525,0.00214118937207248,0.0174515078057293,-0.00291944249734023,-0.0274814276465914,-0.0480505603617176,-0.00503686193447936,0.0133961871214233,0.00363708161620281,-0.0106319817860536,0.0092017322112979,0.00357167745705954,0.00251664135384486,-0.000375796379694526,-0.00361164113123598,-0.0211326964468497
0.0114577028696883,-0.0523845209952895,-0.0248074752624114,-0.0422044559190407,-0.0013672103097565,-0.0381019369135523,-0.00645358609605577,0.0356755420598009,-0.00813942840333269,0.10010771365286,0.0330204917972279,-0.00776067768424617,-0.0656736597703215,-0.0103973249863288,0.0249404707447586,0.0145595614833273,-0.0208496759451577,-0.0892326820204178,0.00092575650718224,0.0730146463938813,0.0672269592697135,0.0129395457959369,-0.013760889337989,-0.0269332540453611,-0.043491849542184,-0.00895589285180219,0.00461085896615979,0.0136206510807666,-0.0128237873524486,0.00872017285945045,-0.0210855828676774,-0.0116946951985113,0.0148418358891301,0.030516279069668,0.0259019388776949,0.0434677683820005,0.0477247686136499,-0.00635325481856383,-0.0332749620501357,-0.00674661441138631,0.0203405473786094,0.00493133516339619,-0.027412974268712,-0.037119423843393,-0.0307550993001208,-0.0306305105175147,-0.0205856941486995,-0.0432422219510116,-0.0302696340690895
0.0129349063334629,0.0148445247823288,0.00659629480325793,0.0202700621972425,0.0213013232612737,-0.0042729732408339,0.0204062892485152,0.0187810720887824,0.014424194588839,0.0163224798006381,-0.0131964867093322,-0.0704823368581709,-0.0814985961190487,-0.0217928973915361,-0.00777638011453138,-0.038589197064208,-0.00443771721536503,0.0170269138293068,0.00406100143149116,-0.0196090107526994,-0.0260745663702277,-0.020437087094865,-0.00421781792215015,-0.0163672172832784,0.00885440390610145,-0.0255552386430226,0.00088331409257561,-0.0149332133207441,-0.027482287507172,-0.0484111102170273,0.00266081198246781,0.121733935699289,0.0127006044775175,-0.0133467406977377,-0.012194893201098,0.0364894419694914,0.0155110371135283,0.0330460924737771,-0.020941320642047,0.0760312964441222,6.39537222467401e-05,-0.0555060247886916,0.056381568938814,0.0264271863575848,-0.00785446416355639,0.0107732861881084,0.00867392495587534,-0.0157872311205546,-0.0274093085268402
-0.00902224376363642,-0.0152225684604592,0.00323330377546949,0.0204688437146985,-0.00735659181737236,-0.0278488727369868,-0.0264496001452733,-0.0503421522829539,0.00781225858118983,-0.00544381179630499,-0.0183607863721827,-0.0531956465275907,-0.13305812650815,0.02123684750248,0.0169322282832723,0.0448392142970918,0.053774349608344,-0.11495299006301,-0.140873382019134,-0.0629518399854,-0.0114869988915456,-0.0163507448895173,0.0239366088146489,0.0638138837806655,0.0102088143606459,-0.0251117324883277,0.00940398142395073,-0.0594144271904224,-0.0257257740588149,-0.0143408296997444,-0.0173074514201531,0.0283663106709116,0.0143615804122936,0.016511248507815,0.0257390933031932,0.0332332416849326,0.0316148587316964,0.0289253783719983,-0.03203912740086,0.0240867656336856,-1.2316776781221e-05,-0.00405323398421819,0.00125502602383857,-0.0251401802798068,-0.00780635956749137,0.00785737502015844,-0.00714591899532966,0.00604432321900523,-0.0100084881485341
-0.0153838117566831,-0.0254968981747153,-0.00226412745880403,0.0276939718722047,0.0411668388227777,0.000898457512905626,-0.0279068165452274,0.0084999046278835,0.0116767650917156,0.0166720925748488,-0.0214472161181264,-0.124909827676749,-0.08176128894648,-0.0274570293882159,0.00325833811357396,0.080463705603499,0.0581763334587194,-0.0191602764977698,-0.00635711768808661,-0.00123110834952284,0.0167908417945112,0.0577704547157597,0.00973065486758376,0.0365575420005197,-0.0428565142097569,0.025659389761234,0.0174750602871957,0.0126478464746505,-0.0277181758715021,-0.0213655478170479,-0.0326063490918298,-0.0475766212428259,0.0183794396970121,0.0164025602271401,0.0549658056435962,0.00609449488787603,0.0273614613180249,0.021844510891246,0.0203572946559574,0.0453473382329178,0.0130040537324217,0.00730926740432202,0.0175094232393205,-0.000928962700021796,-0.0086878911547004,0.006564890870884,0.015855113650558,0.00790219227430505,-0.00967724374644191
-0.043405084878007,-0.0413490454158716,-0.017815716390451,-0.0130564436274063,-0.0259447266212842,0.00434863647743444,-0.0486766304641908,-0.0912292924788385,-0.0436458842357079,-0.10448999040116,-0.0430702017397904,-0.0275829601989163,-0.0587755659115483,-0.0140700494371945,-0.0189418455825286,0.0325757657082732,0.00586168413249166,0.0230846125697372,-0.0916808698072994,0.0499759515415125,0.0605735978307538,0.0157962084060297,-0.0312582631152453,-0.0488841472742599,0.00173917688361613,-0.0195039087570541,0.0160218821835194,-0.0427299306514754,-0.0630231396781054,0.014943968030385,-0.00583247182629665,-0.108121533467878,-0.0771885514902384,0.128133810185878,0.0627055848927073,0.0410823873455283,0.026647847519907,0.00541757910612872,-0.0580402750405575,-0.0394154468434412,0.0130026596046389,0.0217885877926544,-0.0194709554409594,-0.0570611961873941,-0.0687265339599434,-0.157214292950134,-0.12927852637039,-0.180439226689357,-0.383356731998607
0.0396677752312834,0.00892388976397396,0.00999279265283581,-0.0418528780195878,0.0478084619661762,-0.0115579339414168,0.0406659868695503,0.0398133732928451,-0.00814135848958686,0.0365655627365688,-0.0512747929121595,-0.0433263370525168,-0.00746299319305507,0.0301197152819096,-0.00137197569483266,0.0109154765730974,-0.00579681120077222,-0.00481726977322391,-0.0395678003362227,-0.0266469245119315,-0.0617343191159936,-0.0328506209209882,0.0492812317100787,-0.0274925598868924,-0.0631654572500935,-0.00532985811100057,0.0136874990816454,-0.0104882993709693,-0.0310795244172034,0.00881801833221236,-0.0380464705265201,0.0104497911347385,0.0144815337771983,-0.0103104456682691,0.0215112430029284,0.0604487453980778,0.00698472219636154,0.0200052649266284,-0.0102171320801182,-0.0134884248045283,-0.0192885072037717,0.00900867326721748,-0.028468143702713,-0.00029386252659816,-0.00686600436700579,-0.00606036590380275,0.0127076451928824,-0.00669858249212416,0.0179134926356713
0.0103028261467496,0.0665590548819717,-0.0186338765050377,-0.0701456505839828,-0.0249504132211701,-0.0704927805944978,-0.0265470719424073,-0.011264204040686,-0.0106888719021752,-0.0636263986524874,0.0010738375682431,0.0113357749893001,0.00605209355202303,-0.0403063488215345,-0.0542081026154237,7.29011573233525e-05,0.0470819831296197,-0.00124645532109226,0.0313953334355882,0.0353314459365882,-0.0108475498248265,0.0712216108176958,0.00190044775803558,-0.0201916221660024,-0.0279467453449076,-0.0201442318782464,-0.0251473157056374,-0.0320164653851975,0.0182158145810455,0.00476616115944317,-0.00528496224398396,-0.0589451358891767,0.027279687555545,0.00584080013359185,0.000269087528092897,-0.0157880855111385,-0.00599458536161828,-0.00687581048105294,-0.0104815125666596,0.00368088809727727,0.0134161332900969,-0.0122132737553079,-0.00164189386870445,-0.00832806241203928,-0.00196681086009248,-0.0061035706037807,-0.00623033608601704,0.00338434065312993,-0.0071511682486662
-0.0399310761494999,0.0248554087711511,-0.0089721748189095,-0.0253879946355507,-0.035346584206703,-0.020971407755303,0.00794583337664259,0.00531589835311405,-0.0275881379976507,0.0425321661847183,0.00457361741355955,-0.0032461569323281,-0.131003643689825,-0.0997727547711348,-0.0380241515800677,-0.0136451971738529,-0.0200622720778911,-0.0304953570639131,0.00192474274102317,0.00963821304285468,-0.0146679401787947,-0.0126992666343845,-0.0139449196834515,0.0140564379679063,0.0054250225152907,0.0352964473648787,0.0232950301543048,0.0364761062932268,0.0641251036098995,0.0472264239258496,0.0177100556532293,0.0740160110020783,0.10530513641461,0.0376053583962752,0.00721602723407622,0.100795152363889,0.0293111405697699,0.0179774682110863,-0.0653686162569828,0.00796048066039001,-0.0445915702475579,-0.0294781647748594,-0.0552443344002419,-0.0943138075888542,-0.0414009624188376,-0.112076575683948,-0.077361565545147,-0.0255750031074023,-0.0207274400076318
0.0872131559662963,0.0298623449521445,-0.00502307504335414,-0.0885779010474232,-0.17488235089358,0.170677663814095,0.0679318935243242,0.0174570675200595,0.0333124922940531,0.00185828774160079,-0.00761492752842513,0.0244840195925716,0.013715338218083,0.0225741049236237,0.00153333117655208,0.0212822059566939,0.0365661117349045,0.0290825829516094,0.0184276570572239,0.0389866322112057,-0.0138218434875923,0.0395975852306316,-0.0160330718229921,0.0278530496118705,0.0584988684206924,-0.000705225477775739,0.00620405124723,0.0438102418374876,0.0238413669921318,0.0344211708491074,0.0110816338734364,0.0183306753113333,-0.00204665776455629,0.0252556769422394,0.0233069596534962,0.0182143933307037,-0.00433165686668437,-0.0107688081514022,-0.031621947650663,0.000703218210714767,-0.0101182265561433,-0.0195096214387642,-0.0268698618639726,-0.011005897116077,0.0191658232601837,0.019716691101284,0.00184097355238916,0.0118782356063811,0.00969493218105045
0.0759923606556197,0.0592893385088072,-0.00755945916255496,-0.0249144647222681,-0.117056501112404,0.0259542700416908,-0.123878019121551,-0.205896854156762,-0.155245755128094,-0.267792240541526,-0.0938220560728088,0.174362372887216,0.0519673269728603,-0.117086237098829,-0.0165556586969288,-0.0930521282781129,-0.02695876115176,-0.078735465470823,0.0349691511496293,0.103381769369368,0.0619672614276637,-0.00694080465651289,-0.0440731900023572,-0.0402858848802038,0.00434604470224553,0.0472836122546342,-0.0185801668684917,-0.0230164958189657,-0.00990975019475644,-0.00504457948489581,-0.0382565382147236,0.0222478774451406,0.0178745642486075,-0.0347966935141127,-0.0205594112364194,0.0117794755838277,0.0383271870679958,-0.0285462664672412,-0.0248353533632872,0.0241525993578167,-0.0170294676184196,-0.0959085182519205,-0.0233234934771085,0.026759984439691,-0.0377494496124575,0.104305365132879,0.0130808423952024,-0.0722943632754295,-0.0791701590054836
0.0444859620395346,0.0443182926203927,-0.0136575718017617,0.0333601808832173,-0.00405737751566385,-0.0307749287213409,-0.0288807277997602,0.00241382321292044,0.021495431382449,0.00270164124744604,0.032162981570749,-0.000198992779870621,-0.00436575112813636,-0.0163455928308439,0.0338445051464827,0.0207662488068084,0.0407536136379681,0.00699964958818639,-0.0206399608013614,0.0403155119033233,0.0159276350233911,0.00623831226061553,-0.0263241218901824,-0.011115572674348,0.0169365638351155,-0.0119216996374296,-0.00497650664749168,0.0104283560758092,-0.00709987663733971,0.0386432332188197,-0.00915053047976012,-0.0233569737062539,0.0011098898596637,0.0353958763844903,0.0111289474203208,0.0245811735719185,0.00651244983702463,-0.0104790953314779,-0.0209237010663411,0.01955193852286,0.0116648840501769,-0.011531493831904,0.0106829220141555,0.00766947801524798,-0.00759039822170588,-0.0040006225827485,-0.00148948316898817,0.00197477684405366,0.0063877386516892
-0.0499675396171778,-0.0021281164574829,-0.1269877705516,-0.0567687239500269,-0.063006753588776,0.061453481344543,-0.00814168261624593,0.0617807644446274,0.111912644396503,0.0242264630200214,0.0403969119816752,-0.0232284506826396,-0.0974102906856819,-0.033325410883124,-0.0804851121188775,0.00822894358079251,-0.0371610176262375,-0.0528016771269557,-0.181659871702101,-0.0622900709516285,-0.0452076867907096,0.0533538111817492,-0.052966200589087,-0.0568079458165044,-0.0320017197572873,-0.0355542575334785,-0.0139541568107356,-0.00845308834757594,-0.00348166891335203,0.00641718496956913,0.0346606771707314,0.0403642024525582,0.016529777052352,0.0380784733979997,0.0131688718419424,0.0120962862247028,-0.00320628308914769,0.01894594399729,-0.00835540921152436,-0.0252486167802737,-0.019330297151199,-0.0176516160429524,-0.00931303942681082,-0.0230018761057039,-0.0218199392508361,-0.0134167620173099,-0.023460427420466,-0.0236845445367483,-0.0126280088553552
0.0080744070604683,0.0120753554843098,-0.0520864198249253,-0.0204532167636114,-0.0169421712389207,0.0220109969107203,-0.014185975751252,-0.0128804910761894,-0.0137556033250248,-0.0208031137579089,-0.0837635213144482,-0.018295413301207,0.0580490464839663,0.0277965568786457,0.0162026355701313,-0.0176743121327227,-0.0163021819690617,-0.0243567087910847,-0.0210319621017442,-0.00827523430122337,-0.00988077266932369,0.0189322049984036,-0.0321804693386436,-0.0340619617296847,-0.023861230320649,-0.00539957680941713,-0.0162286876538236,-0.035957677017894,-0.0059345296920363,-0.0031938468946522,-0.0094882931326568,-0.0109036561341973,-0.0102555053264863,-0.00626713593379036,-0.011746753700297,0.00785160496069436,-0.0113958348772115,-0.00639567869172594,-0.00858122121730501,-0.00337544454943687,-0.0226876782528515,-0.012397112996869,-0.00900747817655587,-0.000190632022324992,0.0201250338866436,0.00898756805053184,0.0138709280602646,0.00654411151668395,0.0073141762861589
-0.0434638723592753,-0.0166190701748333,-0.00766863934346848,-0.00561972948409156,-0.00935397625912618,-0.0095566712910789,-0.0129887964012726,0.0305528533351125,0.00348884713909969,-0.00317654076764592,-0.00852036579449356,-0.00713000391053459,-0.00685603076567132,0.0142187700595886,0.0273569874366599,-0.00215144798277769,-0.016661595801704,0.00143179175092867,-0.00346143761165077,0.0355656196851567,0.0211763300691322,0.023960505107096,0.0139717533139974,0.030165986657443,0.0215508497130969,-0.00561971544631953,0.034871189808028,-0.0261130578338726,0.000218093413011877,-0.00704767630843578,-0.0202088412947667,0.0350559231945138,0.0167875137624236,-0.0322543124495217,0.00390768878961298,0.0563043563429819,0.0130560359942753,-0.0084422892946546,0.00456616093183521,0.0117375941666794,0.00659614720981715,0.0247139622249289,0.000607028283922194,-0.000684661358384998,0.00484478327854162,0.000898380696139804,-0.0145265597684536,0.0107852643773635,-0.0154079615971759
0.0202399929603739,0.0463422557924992,0.063479551406658,-0.0244431597798753,-0.0511284710299091,0.0906175798399647,0.0360732795742884,0.0012922055621849,0.0423234885860553,-0.00228098011915967,-0.00154972238819467,-0.0169032424686585,0.0176054047768815,0.0492409917805264,-0.0305275807277104,0.0538795473213076,0.0809916195805134,0.0234462296274686,-0.00399075920170469,0.00960153538009195,0.00817456677543665,0.0434713622969897,0.00796339966134153,0.00906975079754788,-0.0114719959391077,-0.0293905186927007,-0.00534762063578315,-0.0928488287590795,-0.0038837511139948,0.0293165087686778,-0.0419752776884571,-0.0122950924657924,0.0108331510522766,0.0417738850957546,0.0345843476108343,0.0445377131163094,0.030058137949044,0.00586449291535648,-0.0309694830361207,0.0384159898940181,0.0179585291035767,-0.0113109707754507,0.000226971420302494,0.0203265831585974,0.0059685304699087,0.0148172652350083,0.0291983212926096,0.0121881241349311,-0.0156434669621099
-0.0265914834684162,-0.0477650474869593,-0.0069707055798291,-0.0271769153808433,0.0496886373984178,-0.0248017889220762,0.025943308036662,0.012084298175093,-0.0957526183334833,0.0243732001761368,0.0172364825719838,-0.00853162934936624,0.0265304481891726,-0.00560933632376698,0.00860268157472782,0.000350141014241578,-0.00961766449796442,0.0451985099274045,0.00965753189114527,0.00346360629645004,-0.0337110490955533,0.00822127898729036,0.00473682696610273,0.0282846287011841,0.0364592872957215,0.0297033227922642,-0.00661400021002445,0.0134897019927293,0.032800338093715,-0.0138434962071708,-0.00504863975377834,-0.00990570441375688,0.028388388303405,0.0227173719379367,0.0270752371269181,0.0261837328196716,0.016066230254139,-0.0211598454913755,0.0241937293045335,0.0267741363945829,-0.00434931475464115,0.00850686965324646,0.00811756529500224,0.0365406143618339,0.0400695517810097,0.0404703826774948,0.0249293593376712,0.0172360845805294,0.00269121827666286
0.0279586833671911,0.0395364362380995,0.0416071502078429,0.0176435055045767,0.00189321861876936,0.0222774196161558,0.0218744267922122,-0.0184883482053249,0.00033732488092407,0.0123113652220652,-0.0202537791270194,-0.0468096948150251,0.000523220638112734,-0.00110757663982748,-0.0350554666024805,0.0223485818800486,-0.0180935123849047,-0.0212830989562975,-0.000416113083450922,0.00490175104221063,0.0162035932465345,0.0113837279147689,0.0144137394078867,-0.00716289809760448,0.0107543553579169,0.00454726887063277,-0.0231791548139556,-0.183858320046111,-0.0192814836310343,0.0138466599351146,0.00117116164547895,0.0200879068651536,0.0123122504773397,0.00984667865496119,0.0226851674406993,0.0162548441602033,0.00435615984124316,0.0105435741646845,-0.00264166437726723,0.0160253846786458,0.029789632273905,0.0113085460020604,0.0202978913159923,0.0160371425632556,0.0125203262234639,0.0172354647773923,0.00800388782306321,0.00648809173913052,0.00367607565531528
0.0437274710733019,0.00800143322000424,0.0630789988469301,0.0191819741932977,0.0155139626134674,0.0319640741183933,0.0310433408922245,-0.00275347311189267,0.00276868144722942,-0.0692725838026202,0.00565573230516192,0.0153637435311669,0.0659780524243364,0.0538274195398778,0.00961612905097609,0.0277028876878908,0.0378515438774255,0.0456394685556936,0.00680958405561999,0.0230745650515761,0.02404189529052,-0.00218114949878434,0.00360218004978841,0.0161260443739502,0.0161218103903183,0.0108377736776751,0.0156339722647196,-0.0271071366400155,0.0634361223917635,0.020622223652803,0.00697899235963848,0.0340370310634133,0.00847667570368307,0.0173434685300363,0.0180213226974581,0.0165168330365315,0.0287994735275537,0.0213754782254979,-0.000696901349603901,0.0361840896215477,0.00870827726583675,-0.00405324268267468,0.00482125042302065,0.0063227783326239,-0.000403587632969143,0.00678547548469811,0.01341648285351,0.0125829130608281,-0.000785256890991282
0.112244274991131,-0.00420966149189414,0.0124888267904603,-0.0260309359155787,-0.0737214299721496,0.0310652141889762,-0.0098062519170867,-0.0205601907956998,-0.00295337904118788,-0.0322725968636217,-0.0519993009796277,-0.0468488846583116,-0.033561427356792,-0.0114666597365182,-0.071929316694643,-0.0279370985522724,0.0115176912655205,0.0353526901967517,0.0160820709909073,-0.0023029714407428,0.000178085615818432,-0.00207703935652674,-0.00354468963846183,-0.0043637841237428,-0.00915474241915241,-0.0196465832282467,-0.0177257739610971,-0.0950530247124446,0.0402371640913194,0.0417889021869922,-0.0220670808712886,0.0174304662387317,0.0206468568090169,0.0358089100286324,0.014994905827547,0.0199172414616814,0.0242233696788932,0.0188215649030934,-0.0453953095668424,0.0152540869499707,0.0106387453679692,0.00633010128747129,-0.00290760761714515,0.0147273054890843,0.0141834784038831,0.00713959313512339,0.0139708352201851,0.00722900466896015,0.00822682229769991
-0.0244802820673176,0.0216272617677651,0.0160198490661658,-0.00383488347819896,-0.0183096333743993,0.036856259208755,-0.00571672132514948,-0.0474769949214026,-0.00282171389407432,-0.00872814845940534,-0.0486052471513899,-0.013720786348145,-0.080401502892155,-0.116253649368519,-0.0855196264439265,0.0133273890014869,0.0297875410063467,0.0357010237299978,0.027133072352992,-0.013092546569656,-0.0321639522476015,-0.0377395220310251,-0.00668741253704114,-0.000986992544961873,0.0119790254484796,0.00437554722230082,-0.00141761084309566,-0.0246219380625807,1.19472399043863e-05,0.0119438356343818,0.0155665372220122,0.0075052485678565,0.0142882509976463,0.0301076502389982,0.0187518373802308,0.0234809157700903,0.0240147124684831,0.0109980865350189,-0.0200458327503408,0.0327140646493521,0.000424821807891107,0.031267408086953,0.0336170048710969,0.0250888604156931,0.0208117635869692,-0.00905837301941077,0.0251033520072579,0.0045044148739088,0.00309117247827808
-0.0250227273149121,-0.0158926318195328,0.00906113742318905,-0.0352040473504256,-0.0218926385604755,-0.00247277169033674,0.0150428133935143,0.000423833063930894,0.0150185906819261,0.0108026675509152,-0.0125231176058147,-0.0337006883255163,0.00289495917398917,0.00880005053147697,-0.0351177885331592,-0.0202731162163957,0.0425308105117773,0.0451187000889087,0.0203005123955394,0.00164397928442393,-0.00978725359289738,-0.00333880494226119,0.0459069014179588,0.0336897614992529,-0.00196689334987178,-0.0209721461900098,-0.0191599356609622,-0.086207969973046,-0.00299316449266379,0.0106933550125602,-0.044069962900596,0.00791286237949101,0.0326861144772014,0.0661214112836353,0.0302085487511695,0.0208072887701813,0.00900506003801788,-0.0459298190977858,-0.0368856999166363,0.0676600539233188,0.00773759928393003,-0.0201359191274444,-0.0140454152436721,-0.0151313670507623,-0.0129088813756965,-0.0121854414654781,-0.000736561671839173,-0.0073384436322318,-0.0408034227776123
-0.0143621747091169,0.0117720457793824,0.00399681219933212,-0.0138613325461899,0.00914273090007767,0.0422123788382835,0.0370203812566472,-0.000855011934960737,-0.0012085597049325,-0.050785987468001,0.00989769685356234,0.0682650868742473,-0.123129490440833,-0.0264614591218207,0.0158244461148735,0.00115417929123574,0.0298409340582775,0.0397295266666293,0.0302293675270556,0.0721189296432994,0.0121572986443571,0.00770383685668391,0.0594223709168367,0.0199094775614331,0.0206685553780174,0.0280318316661967,-0.0537287525517873,-0.0685222398775181,0.0535168178979198,0.0173543738917304,0.0364204457172821,0.0310136477947804,0.040566987136313,0.0207203611891793,0.0190889162462224,0.0193987669798853,0.0194478828706928,-0.0218320147621978,-0.0349717035403301,0.0518911061637911,-0.00928828657567074,0.0567161306471725,0.0225212680890209,0.00446665378146904,0.034620846083564,0.0179285046410451,0.0626196635894913,0.0180934174288527,0.0124923437176033
0.0254059573997666,0.0287835995062083,0.0245323723944075,-0.00690127920534256,0.0145083256353908,0.0600729122678323,0.0613266083664948,0.0673398381999707,0.0672736117454687,0.0344529021502262,0.00429083534360225,-0.00671973755196878,0.0454229293676949,0.06176918767143,0.0124062504042483,0.0043688139405656,0.00920215519001333,0.0281287716993115,0.144981123034036,-0.0522609977120624,-0.0282237774960717,-0.0349784255268775,-0.0461330333193106,-0.0213304234738397,0.0122877048666419,0.00834150469006451,0.0191891456402817,-0.0760710946177286,0.0196033805099003,-0.0438742131478178,-0.0504777429253577,0.0110194213993477,-0.00244289968065187,-0.0089561250510885,0.0105374263760337,0.0329683811213809,0.00145467311282663,-0.00520069667419962,-0.1391549235519,0.0119217031682252,-0.0189269975239024,-0.0250571555259231,0.0456042724617484,-0.0113697105713117,-0.0734862423343901,-0.0138732638204735,-0.0128165569237115,-0.00465784795093421,-0.0132977777832637
-0.00153084239844975,0.00355053881446671,0.0157087944556059,0.00628382131065416,0.013526969819062,-0.0927680351651155,0.0689086480889431,0.122352097541532,0.00265206022802711,0.057394119339607,0.0106146539825773,0.0150280498035613,0.0129760617309853,0.00743554308806776,-0.037666133553716,-0.100567016225848,-0.093818845303334,-0.0725262657568235,-0.0587956061247575,-0.0794379747317752,-0.0522724100221186,-0.0374674978823017,-0.0565224629445082,-0.0060280644314066,0.00573675678484781,0.0147525946319928,0.0189016241060547,0.00885208841537634,0.0102005427916147,0.00124616216366334,0.00666989394784956,0.00962133357261384,0.00371116153754736,0.0236442609601918,0.0062491067432769,0.011236286368774,-0.0262977863245966,-0.0204837097680696,-0.0181276065606134,-0.0084077121559097,0.00851949057032626,0.0173056280725843,0.0238836989545411,0.023462685591841,0.0142741126530016,0.00796028760851644,-0.00105706610870997,-0.00182479091869333,0.00188558607063057
0.0630586098698191,0.0623567188322236,0.0467651440879027,0.175375457494497,0.0161157567904,0.114257389820821,-0.257815686195773,-0.310740851909999,-0.0413382444095192,-0.0112309846143698,-0.00422614897610996,-0.0751041004027663,0.00365932621010953,0.0257240026282937,-0.0720066159218457,-0.0354828631784505,-0.199064200299694,0.0796572986237136,0.0682571919650385,0.0454104289336196,0.0454934679546897,-0.0401438483698606,0.00792778127024232,0.0338326669540868,0.0339368662922191,0.00985248264418284,0.017669056723637,-0.0155175382864529,-0.127505001316741,-0.0294692840226848,0.0100851661901977,-0.0344343375716226,0.0180360594538957,0.00156076791728056,-0.000898104996911869,-0.0446768900785101,0.0453810255673607,-0.0521211892893161,-0.0150168991555277,0.0257400912819062,0.0140024435992972,-0.00687407952662805,-0.00159308477177732,-0.0164613682033777,-0.00407732036916619,-0.0171422949206178,-0.0172755703089444,-0.012705653039434,0.0141850182389339
0.0250128671030089,-0.0204927635816851,-0.014149199884407,-0.0093065076517396,0.0268718178225858,0.044087323674637,-0.0432773626324049,0.000840872389435046,-0.0531207895519397,-0.167801682591329,-0.0183043802834058,-0.0419157309036908,-0.0817643136855046,-0.0580548956836134,0.0164208015686362,0.0121903937038654,-0.0292568021150457,-0.0138426064165709,0.0869165077394975,-0.0259608792851324,-0.0233792868780174,-0.0290965059988069,-0.0380003440823923,-0.00671414454601704,0.0334460586576483,0.0282503486473897,0.0182800888239256,0.012522208203174,-0.00962494360943827,-0.0350116292310706,0.00362718894844283,-0.0208482986124921,-0.0122604927920948,0.00733618312189238,0.012937563569015,0.00605412416621015,0.000279029202113923,0.0103861707953838,0.0219521943519384,0.0423604282226696,-0.00726144587863839,0.108730402022774,0.0596403851014169,0.0497107870574361,0.0401071421814475,-0.0132953267450584,-0.00377834405971818,-0.0122598234593568,-0.0175776927793254
0.00541425858922705,0.0019338070189113,-3.40682095662792e-05,0.00054422401647064,-0.0346879025759576,-0.00623581289061555,0.0374023883376744,0.0287797721852117,-0.0152028725114283,0.0121026234722152,-0.00327796913394729,0.00825263203158766,-0.0243666946038084,-0.0181891240242385,0.0043778861583228,0.0388415080062617,0.0176586906582402,0.0209125021135926,0.00097196468467467,0.00794729039902314,-0.0194219799429534,-0.0392447985149505,-0.0372580155699467,-0.0275656707511588,-0.0175012445981295,-0.00990129763770806,-0.0420017386031002,-0.0139709227280302,-0.0213114291181665,-0.0354683953715865,0.0113685701362647,-0.0233125682150289,0.00513471184067001,0.0108606072811618,0.0114105272005332,0.00801094206041853,0.0169508979742216,-0.0406903581383279,0.00444865664109224,0.0530406935003171,0.0146440196643789,-0.00531225660680985,-0.00474265235500121,-0.0191209137434078,-0.00313071961051435,0.0108515975531493,0.0057674347237065,0.0182935902526845,0.0134752873895417
-0.00842090697724995,0.0354939200546762,0.0635145750225554,0.0457151257611351,-0.0360593475003503,0.140687751698159,0.00602735530836543,-0.0202523800171271,-0.0139535360399653,-0.13962813566043,0.0315140379572747,0.0371554001354714,-0.0214486796128357,0.0386007016486054,0.0311835752905323,0.0324525006574702,0.0429366411888946,-0.0358167861178079,-0.0161977226255596,-0.01420231353143,0.00127027735922139,0.0240236517302435,0.0059357134499663,-0.00501916895382148,-0.0191115301486838,0.0194810449932828,0.0186550045238453,0.0226828677649348,-0.0171791701053015,0.0489209903286836,0.00526452040699874,-0.00151879564318386,0.0275166187063628,0.0105933085101119,-0.00924347345311603,0.00709842733031613,0.0182256596848764,0.0138008853056805,0.00829794344471793,0.00484347020688199,0.0099538601773384,0.00192387975045679,-0.00631731823528752,0.00939803253358181,0.0104739280444655,0.0206808340105353,0.0149705221632561,0.0116105548885333,0.00777987864393861
-0.0124518841503489,0.00380639046687464,0.0226183751338486,0.0174461278044298,-0.00956023060964883,-0.0363642161478182,-0.0164950735335398,-0.0554321138808051,0.00292398064272878,-0.0181854770030181,-0.0775562942920765,0.0561939806401117,-0.0473247941267614,0.00618319984329659,0.0241338755505206,0.049630442532855,-0.066924685107579,0.0621421176638766,-0.0237093833280878,-0.0119768823317443,0.0233626486372854,-0.0788086301767174,-0.0508565581258135,0.0618094232341292,-0.110129965276682,0.080565469315928,-0.0642277138031044,0.0281959658828844,-0.0418315510204326,-0.0198234287970414,0.050853326932338,0.000308652098727796,0.0118901706553339,0.00533396479833495,-0.0093292589025239,0.0436927346557816,-0.0173973762764374,0.0160052028616977,0.0554463318843047,0.000568805483217874,0.0205842305466658,-0.0101527970528254,0.00996758161148144,0.00794633227765758,0.0208927163106727,0.00719860627001337,0.0286595700720083,0.0021616679115002,0.00740014490405105
0.00286365378486043,-0.0212043402498997,-0.0214167813638747,0.00145714309809492,-0.0339658743196036,-0.00472088975641924,-0.0578824110012702,-0.0438859567976173,-0.0223115622032585,-0.00606082143359093,-0.0249499253100586,-0.072200698566485,-0.154073922744683,0.00856404072778638,-0.105262338131599,-0.00267690876604154,0.0147854992030383,0.0274969084460277,0.0434583212863633,-0.00836011226426403,0.0300429200970003,-0.0742478735264711,0.0818937071931456,0.0394846673103418,-0.00275649550872892,0.0814427470846403,0.0771313810498225,0.0706733326924883,0.0819010916139804,-0.0408998336734789,0.0877229839377055,0.0475098604731039,0.0316989243089443,0.0426761021792783,0.028608307869387,0.0550393757967324,0.0389359560675173,0.0126412272434621,0.011282329146191,-0.0019708702072625,0.0012265323205442,-0.0499080965060797,-0.0413976892450884,-0.024831677391257,-0.0125980653093135,-0.014379183800337,-0.0074155070386915,-0.0729560100707405,-0.060291567975807
0.0491746034715567,-0.0675840755183323,-0.207992456657173,0.0734234144795533,-0.0350614698569918,-0.0101801848721729,0.0526481628187826,0.0983700828052727,0.0378046887864156,-0.053586649056712,-0.0202314507330077,0.00396737043001418,-0.0683546123238068,-0.201755656952633,0.0612599385844529,-0.0234998550448555,-0.0284377380401803,0.0441198085691347,-0.025017180538163,-0.0160839289706144,-0.0068636502280065,-0.0128705899223391,-0.0168230925335089,-0.00484172401441066,0.00394335363123516,0.0261628927623956,-0.0199894143671945,0.0899772116336463,-0.0185896228032071,-0.0552484824456269,0.0499414102389521,0.0297717848813694,0.0127731974650615,-0.0373419217506828,0.0384176146959991,0.0121617121333335,-0.00786152784129612,0.0472346298710084,-0.0538229533811472,0.0180583518404765,-0.0367782923892784,0.0752114409756184,0.0146352353726232,0.0360890778983632,-0.00943666245264396,0.0153577415919923,0.00676417050712049,0.0188181801419535,0.00873041950036312
0.107781865856573,0.0321705123620465,0.0139575654986317,0.0890253238018354,-0.0445816266976793,-0.00130185162904599,0.0119228099816836,-0.0568566133810811,-0.0515155722166563,-0.0372674142981665,-0.062479090924168,-0.0859243537607838,-0.101167780720675,0.0135217983212731,0.0476851993085431,0.00313079822190365,0.00740127969381305,0.0376709329814939,-0.00465397132404533,0.0906822677859948,-0.0277748037637226,0.013117930235899,-0.0632253044271679,-0.0551640962087683,-0.0322721009465738,0.00483834840482217,-0.00966231842484216,-0.0128489988406564,-0.0352424271479286,0.0317079950022058,0.0435169719226167,0.111218141279654,0.044875588285758,0.0256445400037489,0.0304748296301741,0.0115167308669014,0.0236574605091288,0.0418629821887372,0.059601209906843,0.0254848042712907,0.0199808249464969,0.0203638734595277,0.0388094106019129,0.032065374856717,0.00213922406364027,-0.0514522144392624,-0.036654731528784,-0.0105246867239272,-0.00714139463289089
0.0527261244132992,0.0445464029631247,-0.0103618781917821,-0.00834771840293613,-0.0196389629164027,-0.0370837405878955,-0.0918081219612524,-0.0494064694863114,0.0116671768053963,0.0782772512729881,0.0784351173442865,-0.0117886081637454,-0.0308769511714743,-0.0650698027375901,0.0279760443288544,-0.00115312012454616,-0.0197588092574755,0.0412235980893568,0.0214912255890874,0.042414478717363,0.0211435329902845,-0.0991877294621816,-0.0129692100019222,0.0174015109688961,-0.0305582023403722,0.0865268290027113,0.0109570678956106,-0.00456295833914921,-0.0380402236602717,-0.11497373989351,-0.0270420611325082,-0.0773040997406385,-0.101293347458965,-0.0415318956044404,-0.0328938576103096,-0.0278572982667568,-0.0310355125967436,-0.0380654240126366,0.45531521913347,0.131118016211249,0.0864816669176543,0.103058320056708,-0.0155075570461044,-0.0143655525524533,-0.0180804280437888,-0.0193481659202634,0.0196817695597702,0.0179998729183784,-0.103975229671446
-0.0236470422570536,-0.0449825016080509,-0.0104531551515973,-0.0226264335916086,-0.0608801640660082,0.130975103041999,0.00180863334398795,0.0444348135872918,0.0382474491999749,0.0517392292602392,0.0102301580382062,-0.0289891159765589,-0.00144889272214459,-0.117711294379124,-0.0203618278369558,-0.0102082163315335,-0.0637430507534671,-0.0563333981137901,-0.0176155684698419,-0.0397867006786793,-0.0305361750895517,0.0869678330392661,-0.0674740530610842,-0.632393528624441,0.293483007672674,0.135999205739762,0.129515764181655,0.0695841976574889,0.0532232724943925,0.0376171058784797,0.0612114513746968,0.110695277755002,-0.0265913474602702,0.0145695161071505,0.0260502801651199,0.0301820932143777,0.00776376915059476,0.0373592625554278,0.00651570412308738,0.00198687957208402,0.0576563526721069,0.0588560217169483,-0.0204389697767637,-0.00085327106890155,0.0164562267716405,-0.00733950762192023,-0.0301464305250947,0.0016999093350759,0.0294352352626619
-0.0245924630577424,0.0318558174918779,-0.0824454988964231,0.0212216896935411,0.0403228198159676,0.0551983155827326,-0.0487584302037981,-0.0921313989930659,0.0612024162074026,-0.0563706518800247,-0.0358917649016555,0.114223031633076,-0.0070810130402631,-0.074644565410612,0.00645425028028593,0.0125964435004579,-0.00555654894968398,0.00794008459228236,-0.0561602581526494,0.00624561075590649,-0.0385833431137009,0.00319943258215276,-0.0414718957053788,0.00542812190006269,0.0181529608429387,0.0219253452286548,0.00144801876448633,0.012031026086822,0.0668451869610967,-0.0450756927143653,0.0189186819364822,-0.0226748136622535,0.0369794731456708,0.0207222867530181,0.0202764002323596,-0.0197680915724841,-0.00324183403740186,-0.00242003561265743,-0.00703050629418554,-0.00486773489197448,-0.0373567979453396,-0.00648114222691948,-0.0200743532623439,-0.0151383409552588,0.00777118731858481,0.00540343980664474,0.00929200931435147,0.00113899210215579,-0.00381512274764451
0.00352608928397979,-0.0265245484524259,-0.00500303731259924,0.0334210810174447,-0.0088609443628983,-0.0225678766485456,-0.0364451125423366,-0.00752368087537603,0.0062536759590727,0.0303324529513041,-0.026895818066404,-0.0254876136634662,-0.0429019848816424,-0.0345759272077325,-0.0269398530160105,0.0195120816005772,0.00222467664607574,-0.0283671018643087,-0.0218149897646991,-0.0218625729122605,0.0591363213276371,0.0686446002067993,-0.0282238269592678,-0.0010501645495452,0.0194901362604819,0.008469915696911,0.0230516500849493,0.0059884828869067,0.0077914928562739,0.0135289644889105,-0.0528784681046713,0.00756987679680737,0.00941793362377349,0.0840079011617634,-0.0152996637504986,0.0168392927754808,-0.00111770859950028,-0.028820690867838,-0.0544382818204164,-0.00284196762804209,0.00144204093888348,-0.0104407148147242,-0.0346749365038902,-0.0104770637054181,0.026508380093843,-0.00826270590885226,-0.0306080758332662,-0.0280691247721979,-0.0325278188647813
-0.0333336487736092,0.00258899313878719,-0.0224835399387813,-0.0172783262832082,0.0181918814986894,0.00657897218560385,-0.0503085373591394,-0.0436159286146459,-0.0155962909165946,0.000702654941322045,-0.0193299874253955,-0.000917729736996664,-0.0305543072130735,0.025722044837748,0.0439243250222282,0.0222242397418816,0.0279305311874015,0.0224988920055256,0.0109030852831541,0.00508952080790484,0.00687384743022201,-0.00914702528314004,0.00302420055925232,-0.00787916659494203,-0.00126369128269319,0.0112987863986924,0.00651710339548012,0.00282654936420898,0.0164367192023576,0.0159271898217132,0.030325596928673,0.0371185279654225,0.0266864347692475,0.0293918115331714,0.0165426187921251,-0.0187173512886187,0.0210802620155352,-0.00299371900439119,0.00885163982640217,0.00278392824201568,0.00602916327029061,-0.00761187463736318,0.00400888595681951,-7.66637345810802e-05,-0.00604021461104825,0.0052149966692831,0.00336766422097047,-0.00212650941931268,0.00320822515383631
0.0533720760851176,0.0993560503363515,-0.0479575140929081,0.0362998984844243,0.0734581809134061,0.00076385854966898,-0.0269312314785675,-0.00132191878485263,0.00236856987280698,0.0188423200107081,-0.00540693788664032,-0.0607892292370859,-0.0103148341022823,-0.0029610080646045,0.00895598611018651,-0.0541190123414071,0.0144308321219933,-0.0194454279151984,-0.0064503159309531,0.0326518246667936,0.00299584524237179,0.0378501920485391,-0.025728959178755,-0.0147442401894306,-0.015649274169562,0.0320804523915006,0.0146964388696216,0.010189174396291,0.0203943541819821,0.004518287725431,0.00356378803472242,-0.0135669667977904,0.0208616666573195,0.0316243007207747,0.00432762577757569,0.0140049500951917,0.0319417938007479,0.0137866268609739,0.00947457795240886,-0.00460796640639625,-0.0196794370893112,0.0014914050123499,-0.00405403715263014,0.00124448605813284,-0.0131163139026773,-0.00699267975335181,-0.000757050365044615,0.000788973678397904,-0.0128726804806289
-0.0871901507278676,0.16001932416526,-0.102370791031943,0.00714876421771313,-0.0103041668037068,-0.0453341927747781,0.0340747889572267,0.0745312590081352,-0.0711436134545175,-0.0375859118138205,-0.0140091956520835,-0.0293910495124744,-0.0590140074852778,-0.0312482606862227,0.059543159034947,0.0299840888133824,-0.0551670038378002,0.00605869692801478,-0.0309691182808533,-0.0438734636224269,0.0428198451362194,-0.0361102019997365,-0.00823322706220841,-0.0612840326232875,0.0196293458737295,0.0684788758117854,0.0186247378871227,0.0310768811526227,0.0361471519991494,-0.00440304735858685,0.04708733771643,0.0254956567040903,0.0535019939171857,0.0150404400281744,0.05136838641921,0.0242750824347955,-0.00984438900805223,0.0360822320888544,0.00175755633549222,0.0280776801153077,0.000730417166810687,-0.00704411863857241,-0.0183601473140292,-0.0250858840127988,-0.0212484502817875,-0.00348170840334335,-0.0025057370172209,-0.0114555145740468,-0.0160782247222547
-0.0418354832721421,0.0480330757701163,-0.0573875579674418,0.00438015966027833,-0.0348818866325673,0.0127165957513879,-0.0402085858426553,-0.015969194312223,-0.0432323183078319,0.0293054788813003,-0.0233791755896999,0.0202885153516228,0.0254319958733835,-0.0125368396841505,-0.00770810570736924,0.030812417181987,0.0222903867259149,0.0179375847598761,0.0115878069330604,0.0111695991576042,-0.0116729741651218,-0.00737310734248459,0.0617452617475847,-0.08834630742243,0.0286443808717727,0.0565317661399138,0.033770280247172,-0.00958858163927295,0.0295024477807572,0.0194656657953616,0.0271695163586361,0.0189500813743364,0.0345060765526511,0.0379188301620977,0.0373116167980413,0.041488454393617,0.0431644648459131,0.0407722057117652,0.0680237845911606,0.072434470623643,0.00166502758826513,0.023133329306459,-0.00961647048561524,-0.0186445390407948,-0.0497888696532972,-0.0199050435632468,-0.0267745482477818,-0.00410887186430233,-0.0321836555723495
0.0165780714483934,-0.0660731523879133,0.0170620386099759,-0.0316732410588531,0.00306370019022487,-0.0871612788024704,0.00313181473990354,0.0477009466166947,0.0143939776862657,-0.0149083901825762,-0.0279682399488604,0.0217223840852084,0.0156273021187603,0.0438312475861592,0.0102340107718536,0.0066645098380016,0.0222437953397921,-0.0201149236560226,-0.0477833631703724,-0.0400210249250322,-0.0068311663691103,0.0210370438982482,0.0315173794024463,0.0148526741360883,0.0259135733439623,0.00687299709869657,-0.0067006343477867,-0.0609659004824396,-0.0124609672924031,0.0116076263834234,0.0131333909076326,0.0362697774550907,0.0128957686418128,0.0270374304814101,0.0271594332810192,0.049291484829787,0.0512430501288112,0.00930226456978379,0.0153407611279932,0.0326519432353388,0.00220557534950843,-0.0293298098311204,0.0162634440305069,0.015883659989916,-0.00825915663292915,-0.00297396320472852,-0.0132976806374494,-0.0322216483313582,-0.0015302328213767
0.0695566515007963,0.0431950146830799,0.0476688707564161,0.063114633891351,0.0364736803877251,0.0508940352291662,0.00879487925804548,-0.00850088398154697,-0.00263836815114722,-0.0124474668154052,-0.0412476955303955,0.00620722756356835,0.0228860916976038,0.0171166053381013,-0.0394679577729915,-0.00885999321906696,-0.0275263675886515,-0.0358512242815636,-0.0860088334331125,-0.0658397480454173,-0.13382658323092,-0.090128358065006,0.0129310764669375,0.0278583355594375,0.0479225801236184,0.0170835199393571,-0.0608034059287847,-0.0232910886079777,-0.0049927914542876,0.0195508381719511,0.0437271481512606,0.0912236305357099,0.0373224270849857,0.0720357256369444,0.0349564715353477,0.0461332592551513,0.0121793601452176,0.0334213086519797,-0.0651567756969831,-0.0325345917405489,0.0097729776678403,0.0104334395910675,0.0236622591473642,0.0161206379006997,0.0266512177446939,0.0283791354723357,0.0457807312586557,0.0269163626147463,0.0174043340629808
